description,required_skillsets
"Introduce a robust automation system infrastructure for logistics applications to strengthen data governance. Following reactive programming best practices, the system includes advanced security protocols, addresses user adoption strategies, and optimizes for outcomes like better user engagement.","AWS, JavaScript, Python, Docker, Data Analysis, React"
"Pioneer a comprehensive digital platform for the travel hospitality sector designed to boost productivity metrics. Leveraging event-driven design patterns, this initiative will deliver augmented reality features while addressing documentation standards, ultimately achieving better resource utilization.","JavaScript, React"
"Launch an innovative compliance tool targeting cybersecurity clients with the primary goal to improve user experience. Built on API-first methodology principles, the solution incorporates comprehensive reporting suite and navigates regulatory compliance requirements to deliver measurable outcomes including increased system reliability.","JavaScript, Python, Data Analysis, React, REST API"
"Establish an enterprise-grade real-time dashboard for the government market focused on strengthen data governance. Employing component-based architecture strategy, the implementation features automated workflow engine, manages cross-team coordination, and targets key performance indicators such as enhanced data insights.","Data Analysis, JavaScript, React, Python"
"Institute an enterprise-grade monitoring solution for the media entertainment market focused on optimize supply chain. Employing infrastructure as code strategy, the implementation features mobile-optimized design, manages disaster recovery planning, and targets key performance indicators such as improved team productivity.","AWS, JavaScript, Python, Docker, React, Machine Learning"
"Deploy a cutting-edge AI-powered tool solution in the pharmaceutical domain aimed at boost productivity metrics. Based on component-based architecture framework, this endeavor delivers blockchain verification, mitigates quality assurance processes, and drives business value through increased customer retention.","Machine Learning, Python"
"Deploy an enterprise-grade software solution for the retail operations market focused on optimize resource allocation. Employing infrastructure as code strategy, the implementation features natural language processing, manages vendor management, and targets key performance indicators such as improved team productivity.","AWS, Machine Learning, Python, Docker"
"Create an enterprise-grade integration hub for the gaming market focused on expand service offerings. Employing DevOps implementation strategy, the implementation features automated workflow engine, manages change management, and targets key performance indicators such as faster time-to-market.",CI/CD
"Develop a robust monitoring solution infrastructure for telecommunications applications to enable real-time insights. Following component-based architecture best practices, the system includes computer vision integration, addresses budget allocation limitations, and optimizes for outcomes like better resource utilization.","AWS, JavaScript, React, Docker"
"Formulate a comprehensive data analytics for the healthcare sector designed to improve user experience. Leveraging component-based architecture, this initiative will deliver scalable infrastructure while addressing security vulnerability mitigation, ultimately achieving enhanced user satisfaction.","Data Analysis, AWS, Python, Docker"
"Construct an innovative compliance tool targeting pharmaceutical clients with the primary goal to improve data security measures. Built on reactive programming principles, the solution incorporates natural language processing and navigates vendor management to deliver measurable outcomes including improved security posture.","Data Analysis, JavaScript, React, Python"
"Deploy a robust reporting system infrastructure for energy sector applications to reduce operational costs. Following data mesh architecture best practices, the system includes voice-enabled interactions, addresses scalability challenges, and optimizes for outcomes like enhanced data insights.","AWS, JavaScript, Python, Docker, Data Analysis, React"
"Construct a cutting-edge digital platform solution in the insurance domain aimed at improve user experience. Based on DevOps implementation framework, this endeavor delivers natural language processing, mitigates vendor management, and drives business value through enhanced compliance status.","JavaScript, Python, React, CI/CD, Machine Learning"
"Implement an innovative cloud infrastructure targeting automotive industry clients with the primary goal to strengthen compliance protocols. Built on serverless computing framework principles, the solution incorporates voice-enabled interactions and navigates change management to deliver measurable outcomes including better resource utilization.","AWS, JavaScript, React, Docker"
"Pioneer an enterprise-grade mobile application for the automotive industry market focused on strengthen data governance. Employing infrastructure as code strategy, the implementation features augmented reality features, manages quality assurance processes, and targets key performance indicators such as improved team productivity.","AWS, JavaScript, Python, Docker, Data Analysis, React"
"Build a scalable reporting system platform serving manufacturing organizations to enhance customer engagement. Utilizing functional programming paradigm methodology, this project introduces edge computing capabilities while overcoming budget allocation limitations and demonstrating success through increased system reliability.","AWS, JavaScript, Python, Docker, Data Analysis, React"
"Build a next-generation compliance tool framework for the automotive industry industry to enhance customer engagement. Using progressive enhancement techniques, the architecture provides advanced security protocols, handles change management, and improves business metrics including increased automation rate.","JavaScript, React"
"Engineer an innovative digital platform targeting energy sector clients with the primary goal to improve product quality. Built on containerization strategy principles, the solution incorporates automated workflow engine and navigates scalability challenges to deliver measurable outcomes including improved scalability.","JavaScript, React, Python, Machine Learning"
"Formulate an intelligent data analytics ecosystem serving logistics needs to enable real-time insights. Through infrastructure as code implementation, the platform offers voice-enabled interactions, resolves technology stack modernization, and enhances operational efficiency via reduced maintenance overhead.","AWS, JavaScript, Python, Docker, Data Analysis, React"
"Construct a next-generation progressive web app framework for the government industry to improve data security measures. Using DevOps implementation techniques, the architecture provides real-time analytics dashboard, handles legacy system integration, and improves business metrics including better resource utilization.","JavaScript, Python, Data Analysis, React, CI/CD"
"Construct an intelligent automation system ecosystem serving travel hospitality needs to improve data security measures. Through continuous delivery pipeline implementation, the platform offers intuitive user experience, resolves data migration complexities, and enhances operational efficiency via enhanced user satisfaction.","JavaScript, Python, Data Analysis, React, Machine Learning"
"Implement an enterprise-grade automation system for the cybersecurity market focused on enhance customer engagement. Employing DevOps implementation strategy, the implementation features automated workflow engine, manages data privacy concerns, and targets key performance indicators such as better decision support.","Data Analysis, CI/CD, Python"
"Initiate an enterprise-grade reporting system for the cybersecurity market focused on boost productivity metrics. Employing DevOps implementation strategy, the implementation features predictive analytics capabilities, manages cross-team coordination, and targets key performance indicators such as enhanced data insights.","Data Analysis, Machine Learning, CI/CD, Python"
"Construct an intelligent security framework ecosystem serving healthcare needs to facilitate global expansion. Through zero-trust security model implementation, the platform offers edge computing capabilities, resolves user adoption strategies, and enhances operational efficiency via increased automation rate.","JavaScript, React, Python, Machine Learning"
"Construct a scalable machine learning model platform serving logistics organizations to automate manual processes. Utilizing cloud-native development methodology, this project introduces distributed ledger technology while overcoming scalability challenges and demonstrating success through increased automation rate.","AWS, JavaScript, Python, Docker, React, Machine Learning"
"Roll out a comprehensive enterprise system for the non-profit sector designed to increase market competitiveness. Leveraging cloud-native development, this initiative will deliver mobile-optimized design while addressing data privacy concerns, ultimately achieving better user engagement.","AWS, JavaScript, Python, Docker, Data Analysis, React"
"Establish an enterprise-grade microservices architecture for the retail operations market focused on streamline operational workflows. Employing agile development practices strategy, the implementation features intuitive user experience, manages data migration complexities, and targets key performance indicators such as improved team productivity.","JavaScript, Python, Microservices, Data Analysis, React, Agile"
"Construct a next-generation automation system framework for the non-profit industry to facilitate global expansion. Using domain-driven design principles techniques, the architecture provides mobile-optimized design, handles integration complexity, and improves business metrics including enhanced data insights.","JavaScript, Python, Data Analysis, React, Machine Learning"
"Formulate an intelligent software solution ecosystem serving gaming needs to expand service offerings. Through API-first methodology implementation, the platform offers real-time analytics dashboard, resolves vendor management, and enhances operational efficiency via reduced error rates.","JavaScript, Python, Data Analysis, React, REST API, Machine Learning"
"Pioneer a robust monitoring solution infrastructure for media entertainment applications to modernize legacy infrastructure. Following component-based architecture best practices, the system includes computer vision integration, addresses technology stack modernization, and optimizes for outcomes like higher system availability.","AWS, JavaScript, Python, Docker, React, Machine Learning"
"Build a comprehensive software solution for the financial services sector designed to enable real-time insights. Leveraging API-first methodology, this initiative will deliver comprehensive reporting suite while addressing performance optimization, ultimately achieving better data accuracy.","JavaScript, Python, Data Analysis, React, REST API"
"Develop a cutting-edge digital platform solution in the non-profit domain aimed at optimize supply chain. Based on responsive design system framework, this endeavor delivers real-time analytics dashboard, mitigates legacy system integration, and drives business value through enhanced data insights.","JavaScript, Python, Data Analysis, React, Machine Learning"
"Create a cutting-edge cloud infrastructure solution in the government domain aimed at improve data security measures. Based on DevOps implementation framework, this endeavor delivers intuitive user experience, mitigates disaster recovery planning, and drives business value through enhanced data insights.","AWS, JavaScript, Python, Data Analysis, React, CI/CD"
"Institute an intelligent reporting system ecosystem serving education technology needs to expand service offerings. Through domain-driven design principles implementation, the platform offers seamless third-party integrations, resolves regulatory compliance requirements, and enhances operational efficiency via reduced operational costs.","JavaScript, Python, Data Analysis, React, Machine Learning"
"Build an enterprise-grade security framework for the agricultural technology market focused on boost productivity metrics. Employing machine learning pipelines strategy, the implementation features responsive user interface, manages change management, and targets key performance indicators such as enhanced user satisfaction.","React, Machine Learning, JavaScript, Python"
"Engineer a scalable monitoring solution platform serving gaming organizations to enhance customer engagement. Utilizing serverless computing framework methodology, this project introduces AI-assisted functionality while overcoming legacy system integration and demonstrating success through improved security posture.","AWS, JavaScript, Python, Docker, React, Machine Learning"
"Construct a comprehensive monitoring solution for the media entertainment sector designed to improve user experience. Leveraging API-first methodology, this initiative will deliver seamless third-party integrations while addressing change management, ultimately achieving improved scalability.","REST API, Machine Learning, Python"
"Develop an intelligent IoT ecosystem ecosystem serving automotive industry needs to enhance scalability capabilities. Through DevOps implementation implementation, the platform offers blockchain verification, resolves quality assurance processes, and enhances operational efficiency via reduced maintenance overhead.","JavaScript, Python, React, CI/CD, Machine Learning"
"Build a robust enterprise system infrastructure for insurance applications to improve data security measures. Following zero-trust security model best practices, the system includes advanced security protocols, addresses data privacy concerns, and optimizes for outcomes like enhanced compliance status.","AWS, JavaScript, Python, Docker, Data Analysis, React"
"Create an intelligent mobile application ecosystem serving e-commerce needs to reduce operational costs. Through responsive design system implementation, the platform offers natural language processing, resolves quality assurance processes, and enhances operational efficiency via reduced error rates.","JavaScript, React, Python, Machine Learning"
"Construct a scalable digital platform platform serving retail operations organizations to enable real-time insights. Utilizing zero-trust security model methodology, this project introduces seamless third-party integrations while overcoming quality assurance processes and demonstrating success through faster time-to-market.","AWS, JavaScript, Python, Docker, React, Machine Learning"
"Pioneer a next-generation mobile application framework for the e-commerce industry to reduce operational costs. Using responsive design system techniques, the architecture provides mobile-optimized design, handles scalability challenges, and improves business metrics including better resource utilization.","JavaScript, React"
"Institute an intelligent cloud infrastructure ecosystem serving logistics needs to strengthen compliance protocols. Through microservices architecture implementation, the platform offers voice-enabled interactions, resolves user adoption strategies, and enhances operational efficiency via better user engagement.","AWS, JavaScript, Microservices, Docker, Python, React"
"Deploy a robust microservices architecture infrastructure for cybersecurity applications to increase market competitiveness. Following component-based architecture best practices, the system includes AI-assisted functionality, addresses aggressive timeline constraints, and optimizes for outcomes like reduced maintenance overhead.","AWS, JavaScript, Microservices, Docker, Python, React"
"Engineer a scalable progressive web app platform serving travel hospitality organizations to accelerate decision-making processes. Utilizing machine learning pipelines methodology, this project introduces intuitive user experience while overcoming documentation standards and demonstrating success through reduced error rates.","AWS, JavaScript, Python, Docker, React, Machine Learning"
"Deploy a scalable enterprise system platform serving agricultural technology organizations to enhance scalability capabilities. Utilizing API-first methodology methodology, this project introduces predictive analytics capabilities while overcoming technical debt resolution and demonstrating success through increased customer retention.","AWS, JavaScript, Python, Data Analysis, React, REST API"
"Construct an innovative compliance tool targeting agricultural technology clients with the primary goal to optimize supply chain. Built on cloud-native development principles, the solution incorporates blockchain verification and navigates quality assurance processes to deliver measurable outcomes including better user engagement.","AWS, JavaScript, Python, Docker, React, Machine Learning"
"Initiate an enterprise-grade real-time dashboard for the manufacturing market focused on streamline operational workflows. Employing event-driven design patterns strategy, the implementation features mobile-optimized design, manages technical debt resolution, and targets key performance indicators such as enhanced data insights.","Data Analysis, JavaScript, React, Python"
"Develop a robust security framework infrastructure for manufacturing applications to strengthen compliance protocols. Following responsive design system best practices, the system includes seamless third-party integrations, addresses data migration complexities, and optimizes for outcomes like better data accuracy.","AWS, JavaScript, Python, Docker, Data Analysis, React"
"Pioneer an innovative cloud infrastructure targeting automotive industry clients with the primary goal to automate manual processes. Built on test-driven development principles, the solution incorporates seamless third-party integrations and navigates security vulnerability mitigation to deliver measurable outcomes including enhanced user satisfaction.","AWS, JavaScript, React, Docker"
"Construct a scalable data analytics platform serving media entertainment organizations to optimize supply chain. Utilizing responsive design system methodology, this project introduces natural language processing while overcoming technical debt resolution and demonstrating success through reduced maintenance overhead.","AWS, JavaScript, Python, Docker, Data Analysis, React"
"Formulate an innovative progressive web app targeting financial services clients with the primary goal to increase market competitiveness. Built on agile development practices principles, the solution incorporates mobile-optimized design and navigates performance optimization to deliver measurable outcomes including increased system reliability.","JavaScript, React, Agile"
"Institute an intelligent cloud infrastructure ecosystem serving insurance needs to enhance scalability capabilities. Through reactive programming implementation, the platform offers AI-assisted functionality, resolves disaster recovery planning, and enhances operational efficiency via reduced maintenance overhead.","AWS, JavaScript, Python, Docker, React, Machine Learning"
"Build a robust mobile application infrastructure for media entertainment applications to accelerate decision-making processes. Following DevOps implementation best practices, the system includes predictive analytics capabilities, addresses data migration complexities, and optimizes for outcomes like higher system availability.","AWS, JavaScript, Python, Data Analysis, React, CI/CD"
"Formulate a cutting-edge data analytics solution in the pharmaceutical domain aimed at optimize supply chain. Based on serverless computing framework framework, this endeavor delivers distributed ledger technology, mitigates aggressive timeline constraints, and drives business value through improved team productivity.","Data Analysis, Machine Learning, Python"
"Pioneer a next-generation mobile application framework for the energy sector industry to improve user experience. Using functional programming paradigm techniques, the architecture provides edge computing capabilities, handles team skill development, and improves business metrics including increased automation rate.","JavaScript, React"
"Construct a next-generation machine learning model framework for the healthcare industry to modernize legacy infrastructure. Using DevOps implementation techniques, the architecture provides distributed ledger technology, handles security vulnerability mitigation, and improves business metrics including higher system availability.","AWS, Python, Docker, CI/CD, Machine Learning"
"Engineer an intelligent monitoring solution ecosystem serving travel hospitality needs to optimize supply chain. Through cloud-native development implementation, the platform offers natural language processing, resolves quality assurance processes, and enhances operational efficiency via improved security posture.","AWS, JavaScript, Python, Docker, React, Machine Learning"
"Roll out an intelligent enterprise system ecosystem serving automotive industry needs to accelerate decision-making processes. Through DevOps implementation implementation, the platform offers intuitive user experience, resolves documentation standards, and enhances operational efficiency via improved scalability.","JavaScript, Python, React, CI/CD, Machine Learning"
"Construct a cutting-edge IoT ecosystem solution in the cybersecurity domain aimed at optimize supply chain. Based on serverless computing framework framework, this endeavor delivers AI-assisted functionality, mitigates security vulnerability mitigation, and drives business value through better resource utilization.","Machine Learning, Python"
"Engineer a next-generation mobile application framework for the logistics industry to expand service offerings. Using API-first methodology techniques, the architecture provides AI-assisted functionality, handles technical debt resolution, and improves business metrics including reduced maintenance overhead.","JavaScript, Python, React, REST API, Machine Learning"
"Build a comprehensive progressive web app for the government sector designed to modernize legacy infrastructure. Leveraging infrastructure as code, this initiative will deliver natural language processing while addressing team skill development, ultimately achieving enhanced compliance status.","AWS, JavaScript, React, Docker"
"Establish a scalable real-time dashboard platform serving energy sector organizations to enhance scalability capabilities. Utilizing continuous delivery pipeline methodology, this project introduces AI-assisted functionality while overcoming security vulnerability mitigation and demonstrating success through enhanced compliance status.","AWS, JavaScript, Python, Docker, React, Machine Learning"
"Institute an enterprise-grade digital platform for the manufacturing market focused on reduce operational costs. Employing progressive enhancement strategy, the implementation features natural language processing, manages legacy system integration, and targets key performance indicators such as increased automation rate.","JavaScript, React"
"Roll out an enterprise-grade IoT ecosystem for the e-commerce market focused on facilitate global expansion. Employing serverless computing framework strategy, the implementation features automated workflow engine, manages data privacy concerns, and targets key performance indicators such as better resource utilization.","Data Analysis, Python"
"Build a robust mobile application infrastructure for gaming applications to expand service offerings. Following reactive programming best practices, the system includes natural language processing, addresses legacy system integration, and optimizes for outcomes like improved system performance.","AWS, JavaScript, React, Docker"
"Construct an intelligent enterprise system ecosystem serving manufacturing needs to accelerate decision-making processes. Through test-driven development implementation, the platform offers blockchain verification, resolves security vulnerability mitigation, and enhances operational efficiency via better data accuracy.","JavaScript, Python, Data Analysis, React, Machine Learning"
"Institute an innovative API framework targeting energy sector clients with the primary goal to improve data security measures. Built on responsive design system principles, the solution incorporates federated learning system and navigates technology stack modernization to deliver measurable outcomes including improved security posture.","JavaScript, Python, Data Analysis, React, REST API"
"Initiate a cutting-edge mobile application solution in the education technology domain aimed at modernize legacy infrastructure. Based on containerization strategy framework, this endeavor delivers comprehensive reporting suite, mitigates quality assurance processes, and drives business value through better user engagement.","AWS, JavaScript, Python, Docker, Data Analysis, React"
"Deploy an innovative software solution targeting education technology clients with the primary goal to enhance scalability capabilities. Built on zero-trust security model principles, the solution incorporates responsive user interface and navigates technical debt resolution to deliver measurable outcomes including improved team productivity.","JavaScript, React"
"Formulate an innovative API framework targeting non-profit clients with the primary goal to reduce operational costs. Built on component-based architecture principles, the solution incorporates seamless third-party integrations and navigates legacy system integration to deliver measurable outcomes including increased system reliability.","REST API, JavaScript, React"
"Introduce a scalable real-time dashboard platform serving agricultural technology organizations to improve user experience. Utilizing containerization strategy methodology, this project introduces distributed ledger technology while overcoming quality assurance processes and demonstrating success through better user engagement.","AWS, JavaScript, Python, Docker, React, Machine Learning"
"Construct a comprehensive microservices architecture for the real estate sector designed to improve product quality. Leveraging containerization strategy, this initiative will deliver predictive analytics capabilities while addressing scalability challenges, ultimately achieving faster time-to-market.","Data Analysis, Python, Microservices, Machine Learning"
"Launch a cutting-edge cloud infrastructure solution in the financial services domain aimed at improve data security measures. Based on microservices architecture framework, this endeavor delivers scalable infrastructure, mitigates team skill development, and drives business value through improved scalability.","AWS, Python, Microservices, Data Analysis, Docker, Machine Learning"
"Formulate a next-generation IoT ecosystem framework for the government industry to optimize resource allocation. Using continuous delivery pipeline techniques, the architecture provides quantum-resistant cryptography, handles performance optimization, and improves business metrics including improved team productivity.",
"Engineer a comprehensive cloud infrastructure for the gaming sector designed to accelerate decision-making processes. Leveraging DevOps implementation, this initiative will deliver edge computing capabilities while addressing legacy system integration, ultimately achieving enhanced user satisfaction.","AWS, CI/CD, Docker"
"Implement a cutting-edge monitoring solution solution in the agricultural technology domain aimed at expand service offerings. Based on test-driven development framework, this endeavor delivers comprehensive reporting suite, mitigates scalability challenges, and drives business value through enhanced compliance status.","JavaScript, Python, Data Analysis, React, Machine Learning"
"Construct a robust compliance tool infrastructure for healthcare applications to improve user experience. Following containerization strategy best practices, the system includes natural language processing, addresses security vulnerability mitigation, and optimizes for outcomes like better resource utilization.","AWS, JavaScript, Python, Docker, React, Machine Learning"
"Deploy an enterprise-grade integration hub for the education technology market focused on automate manual processes. Employing infrastructure as code strategy, the implementation features quantum-resistant cryptography, manages team skill development, and targets key performance indicators such as improved security posture.","AWS, Docker"
"Initiate an intelligent digital platform ecosystem serving real estate needs to strengthen compliance protocols. Through event-driven design patterns implementation, the platform offers intuitive user experience, resolves change management, and enhances operational efficiency via faster time-to-market.","JavaScript, React, Python, Machine Learning"
"Construct a scalable compliance tool platform serving agricultural technology organizations to facilitate global expansion. Utilizing progressive enhancement methodology, this project introduces seamless third-party integrations while overcoming documentation standards and demonstrating success through increased processing speed.","AWS, JavaScript, React, Docker"
"Construct a cutting-edge machine learning model solution in the insurance domain aimed at boost productivity metrics. Based on zero-trust security model framework, this endeavor delivers AI-assisted functionality, mitigates user adoption strategies, and drives business value through better decision support.","Machine Learning, Python"
"Launch an enterprise-grade automation system for the automotive industry market focused on boost productivity metrics. Employing responsive design system strategy, the implementation features responsive user interface, manages quality assurance processes, and targets key performance indicators such as improved scalability.",
"Deploy a robust integration hub infrastructure for healthcare applications to increase market competitiveness. Following test-driven development best practices, the system includes advanced security protocols, addresses performance optimization, and optimizes for outcomes like faster time-to-market.","AWS, JavaScript, React, Docker"
"Construct a scalable automation system platform serving non-profit organizations to optimize supply chain. Utilizing DevOps implementation methodology, this project introduces responsive user interface while overcoming technology stack modernization and demonstrating success through increased processing speed.","AWS, JavaScript, Python, Docker, React, CI/CD"
"Roll out an enterprise-grade enterprise system for the gaming market focused on improve product quality. Employing continuous delivery pipeline strategy, the implementation features seamless third-party integrations, manages legacy system integration, and targets key performance indicators such as reduced operational costs.",
"Implement a comprehensive automation system for the healthcare sector designed to reduce operational costs. Leveraging machine learning pipelines, this initiative will deliver augmented reality features while addressing data privacy concerns, ultimately achieving improved team productivity.","Data Analysis, Machine Learning, Python"
"Engineer an enterprise-grade IoT ecosystem for the automotive industry market focused on improve data security measures. Employing cloud-native development strategy, the implementation features federated learning system, manages disaster recovery planning, and targets key performance indicators such as better user engagement.","Data Analysis, AWS, Python, Docker"
"Build a comprehensive IoT ecosystem for the real estate sector designed to improve data security measures. Leveraging responsive design system, this initiative will deliver intuitive user experience while addressing change management, ultimately achieving faster time-to-market.","Data Analysis, JavaScript, React, Python"
"Introduce an enterprise-grade microservices architecture for the real estate market focused on modernize legacy infrastructure. Employing serverless computing framework strategy, the implementation features real-time analytics dashboard, manages user adoption strategies, and targets key performance indicators such as better user engagement.","AWS, JavaScript, Python, Microservices, Data Analysis, React"
"Launch an intelligent cloud infrastructure ecosystem serving education technology needs to expand service offerings. Through continuous delivery pipeline implementation, the platform offers distributed ledger technology, resolves regulatory compliance requirements, and enhances operational efficiency via faster time-to-market.","AWS, JavaScript, Python, Docker, React, Machine Learning"
"Develop a cutting-edge API framework solution in the gaming domain aimed at improve product quality. Based on API-first methodology framework, this endeavor delivers quantum-resistant cryptography, mitigates budget allocation limitations, and drives business value through improved team productivity.","REST API, Machine Learning, Python"
"Develop a robust compliance tool infrastructure for pharmaceutical applications to streamline operational workflows. Following test-driven development best practices, the system includes federated learning system, addresses budget allocation limitations, and optimizes for outcomes like better data accuracy.","AWS, JavaScript, Python, Docker, Data Analysis, React"
"Create a robust compliance tool infrastructure for travel hospitality applications to optimize resource allocation. Following infrastructure as code best practices, the system includes voice-enabled interactions, addresses documentation standards, and optimizes for outcomes like increased processing speed.","AWS, JavaScript, React, Docker"
"Launch a cutting-edge monitoring solution solution in the cybersecurity domain aimed at facilitate global expansion. Based on DevOps implementation framework, this endeavor delivers quantum-resistant cryptography, mitigates aggressive timeline constraints, and drives business value through reduced maintenance overhead.","Machine Learning, CI/CD, Python"
"Implement a next-generation data analytics framework for the cybersecurity industry to boost productivity metrics. Using data mesh architecture techniques, the architecture provides comprehensive reporting suite, handles documentation standards, and improves business metrics including increased processing speed.","Data Analysis, JavaScript, React, Python"
"Build a robust microservices architecture infrastructure for automotive industry applications to streamline operational workflows. Following continuous delivery pipeline best practices, the system includes intuitive user experience, addresses technical debt resolution, and optimizes for outcomes like reduced operational costs.","AWS, JavaScript, Microservices, Docker, React"
"Formulate an innovative data analytics targeting agricultural technology clients with the primary goal to enhance scalability capabilities. Built on zero-trust security model principles, the solution incorporates blockchain verification and navigates quality assurance processes to deliver measurable outcomes including reduced maintenance overhead.","JavaScript, Python, Data Analysis, React, Machine Learning"
"Implement a scalable machine learning model platform serving financial services organizations to boost productivity metrics. Utilizing continuous delivery pipeline methodology, this project introduces responsive user interface while overcoming performance optimization and demonstrating success through enhanced compliance status.","AWS, JavaScript, Python, Docker, React, Machine Learning"
"Pioneer an innovative digital platform targeting agricultural technology clients with the primary goal to reduce operational costs. Built on data mesh architecture principles, the solution incorporates augmented reality features and navigates aggressive timeline constraints to deliver measurable outcomes including enhanced user satisfaction.","JavaScript, Python, Data Analysis, React, Machine Learning"
"Deploy a scalable blockchain network platform serving manufacturing organizations to enhance customer engagement. Utilizing zero-trust security model methodology, this project introduces quantum-resistant cryptography while overcoming quality assurance processes and demonstrating success through improved team productivity.","AWS, JavaScript, Python, Docker, React, Machine Learning"
"Establish an innovative cloud infrastructure targeting financial services clients with the primary goal to increase market competitiveness. Built on serverless computing framework principles, the solution incorporates predictive analytics capabilities and navigates performance optimization to deliver measurable outcomes including improved team productivity.","AWS, JavaScript, Python, Docker, Data Analysis, React"
"Construct a comprehensive progressive web app for the telecommunications sector designed to facilitate global expansion. Leveraging zero-trust security model, this initiative will deliver blockchain verification while addressing aggressive timeline constraints, ultimately achieving better decision support.","JavaScript, React, Python, Machine Learning"
"Design a comprehensive cloud infrastructure for the e-commerce sector designed to facilitate global expansion. Leveraging functional programming paradigm, this initiative will deliver augmented reality features while addressing documentation standards, ultimately achieving faster time-to-market.","AWS, Docker"
"Pioneer a scalable machine learning model platform serving e-commerce organizations to improve user experience. Utilizing cloud-native development methodology, this project introduces edge computing capabilities while overcoming documentation standards and demonstrating success through enhanced data insights.","AWS, JavaScript, Python, Data Analysis, React, Machine Learning"
"Design a cutting-edge software solution solution in the agricultural technology domain aimed at optimize resource allocation. Based on responsive design system framework, this endeavor delivers intuitive user experience, mitigates cross-team coordination, and drives business value through better user engagement.","JavaScript, React, Python, Machine Learning"
"Engineer an innovative compliance tool targeting automotive industry clients with the primary goal to streamline operational workflows. Built on data mesh architecture principles, the solution incorporates quantum-resistant cryptography and navigates change management to deliver measurable outcomes including increased automation rate.","Data Analysis, JavaScript, React, Python"
"Deploy a next-generation monitoring solution framework for the travel hospitality industry to enable real-time insights. Using continuous delivery pipeline techniques, the architecture provides voice-enabled interactions, handles team skill development, and improves business metrics including increased system reliability.",
"Construct a robust microservices architecture infrastructure for education technology applications to enhance customer engagement. Following component-based architecture best practices, the system includes mobile-optimized design, addresses integration complexity, and optimizes for outcomes like improved system performance.","AWS, JavaScript, Microservices, Docker, React"
"Construct an innovative mobile application targeting retail operations clients with the primary goal to automate manual processes. Built on test-driven development principles, the solution incorporates mobile-optimized design and navigates scalability challenges to deliver measurable outcomes including better user engagement.","JavaScript, React, Python, Machine Learning"
"Introduce a comprehensive data analytics for the e-commerce sector designed to strengthen compliance protocols. Leveraging reactive programming, this initiative will deliver voice-enabled interactions while addressing cross-team coordination, ultimately achieving enhanced data insights.","Data Analysis, Python"
"Implement an innovative API framework targeting energy sector clients with the primary goal to modernize legacy infrastructure. Built on infrastructure as code principles, the solution incorporates natural language processing and navigates change management to deliver measurable outcomes including reduced maintenance overhead.","AWS, JavaScript, Python, Docker, React, REST API"
"Pioneer a cutting-edge reporting system solution in the non-profit domain aimed at facilitate global expansion. Based on infrastructure as code framework, this endeavor delivers scalable infrastructure, mitigates vendor management, and drives business value through reduced operational costs.","AWS, Python, Docker, Data Analysis, Machine Learning"
"Establish a scalable IoT ecosystem platform serving agricultural technology organizations to drive innovation initiatives. Utilizing microservices architecture methodology, this project introduces real-time analytics dashboard while overcoming team skill development and demonstrating success through better data accuracy.","AWS, JavaScript, Python, Microservices, Data Analysis, React"
"Formulate an intelligent progressive web app ecosystem serving travel hospitality needs to automate manual processes. Through continuous delivery pipeline implementation, the platform offers intuitive user experience, resolves technology stack modernization, and enhances operational efficiency via better resource utilization.","JavaScript, React, Python, Machine Learning"
"Create a cutting-edge security framework solution in the e-commerce domain aimed at boost productivity metrics. Based on continuous delivery pipeline framework, this endeavor delivers AI-assisted functionality, mitigates vendor management, and drives business value through increased customer retention.","Machine Learning, Python"
"Design a comprehensive digital platform for the pharmaceutical sector designed to strengthen compliance protocols. Leveraging continuous delivery pipeline, this initiative will deliver augmented reality features while addressing data privacy concerns, ultimately achieving reduced maintenance overhead.","JavaScript, Python, Data Analysis, React, Machine Learning"
"Roll out a next-generation compliance tool framework for the retail operations industry to reduce operational costs. Using functional programming paradigm techniques, the architecture provides scalable infrastructure, handles security vulnerability mitigation, and improves business metrics including increased processing speed.","AWS, Machine Learning, Python, Docker"
"Construct a cutting-edge API framework solution in the education technology domain aimed at strengthen compliance protocols. Based on responsive design system framework, this endeavor delivers AI-assisted functionality, mitigates integration complexity, and drives business value through increased customer retention.","REST API, Machine Learning, Python"
"Establish a scalable compliance tool platform serving manufacturing organizations to improve user experience. Utilizing reactive programming methodology, this project introduces predictive analytics capabilities while overcoming scalability challenges and demonstrating success through enhanced user satisfaction.","AWS, JavaScript, Python, Docker, Data Analysis, React"
"Initiate a comprehensive data analytics for the e-commerce sector designed to enhance scalability capabilities. Leveraging test-driven development, this initiative will deliver scalable infrastructure while addressing user adoption strategies, ultimately achieving enhanced user satisfaction.","Data Analysis, AWS, Python, Docker"
"Design a comprehensive integration hub for the agricultural technology sector designed to enable real-time insights. Leveraging zero-trust security model, this initiative will deliver augmented reality features while addressing team skill development, ultimately achieving reduced maintenance overhead.","Machine Learning, Python"
"Develop an intelligent digital platform ecosystem serving education technology needs to expand service offerings. Through infrastructure as code implementation, the platform offers predictive analytics capabilities, resolves cross-team coordination, and enhances operational efficiency via increased processing speed.","AWS, JavaScript, Python, Docker, Data Analysis, React"
"Deploy a robust automation system infrastructure for government applications to strengthen data governance. Following reactive programming best practices, the system includes AI-assisted functionality, addresses scalability challenges, and optimizes for outcomes like better data accuracy.","AWS, JavaScript, Python, Docker, Data Analysis, React"
"Develop a scalable blockchain network platform serving education technology organizations to improve data security measures. Utilizing agile development practices methodology, this project introduces real-time analytics dashboard while overcoming documentation standards and demonstrating success through enhanced data insights.","AWS, JavaScript, Python, Data Analysis, React, Agile"
"Create a cutting-edge digital platform solution in the healthcare domain aimed at accelerate decision-making processes. Based on responsive design system framework, this endeavor delivers natural language processing, mitigates data privacy concerns, and drives business value through increased processing speed.","JavaScript, Python, Data Analysis, React, Machine Learning"
"Create an innovative compliance tool targeting insurance clients with the primary goal to strengthen data governance. Built on data mesh architecture principles, the solution incorporates advanced security protocols and navigates scalability challenges to deliver measurable outcomes including increased processing speed.","Data Analysis, JavaScript, React, Python"
"Introduce a next-generation AI-powered tool framework for the travel hospitality industry to enable real-time insights. Using domain-driven design principles techniques, the architecture provides scalable infrastructure, handles regulatory compliance requirements, and improves business metrics including reduced error rates.","AWS, JavaScript, Python, Docker, React, Machine Learning"
"Build an innovative cloud infrastructure targeting gaming clients with the primary goal to enhance scalability capabilities. Built on API-first methodology principles, the solution incorporates seamless third-party integrations and navigates change management to deliver measurable outcomes including reduced operational costs.","AWS, JavaScript, Docker, React, REST API"
"Implement an innovative cloud infrastructure targeting telecommunications clients with the primary goal to enhance customer engagement. Built on domain-driven design principles principles, the solution incorporates blockchain verification and navigates user adoption strategies to deliver measurable outcomes including increased automation rate.","AWS, JavaScript, Python, Docker, React, Machine Learning"
"Roll out an innovative automation system targeting cybersecurity clients with the primary goal to modernize legacy infrastructure. Built on containerization strategy principles, the solution incorporates blockchain verification and navigates user adoption strategies to deliver measurable outcomes including higher system availability.","AWS, JavaScript, Python, Docker, React, Machine Learning"
"Launch a next-generation cloud infrastructure framework for the logistics industry to enhance customer engagement. Using serverless computing framework techniques, the architecture provides responsive user interface, handles scalability challenges, and improves business metrics including increased system reliability.","AWS, Docker"
"Design a cutting-edge security framework solution in the pharmaceutical domain aimed at accelerate decision-making processes. Based on responsive design system framework, this endeavor delivers natural language processing, mitigates regulatory compliance requirements, and drives business value through reduced operational costs.","JavaScript, React, Python, Machine Learning"
"Formulate a comprehensive blockchain network for the pharmaceutical sector designed to facilitate global expansion. Leveraging zero-trust security model, this initiative will deliver advanced security protocols while addressing quality assurance processes, ultimately achieving better user engagement.","Machine Learning, Python"
"Build an enterprise-grade security framework for the media entertainment market focused on expand service offerings. Employing test-driven development strategy, the implementation features mobile-optimized design, manages regulatory compliance requirements, and targets key performance indicators such as enhanced data insights.","JavaScript, Python, Data Analysis, React, Machine Learning"
"Institute a next-generation reporting system framework for the automotive industry industry to optimize resource allocation. Using component-based architecture techniques, the architecture provides natural language processing, handles user adoption strategies, and improves business metrics including increased processing speed.","Data Analysis, Python"
"Construct an enterprise-grade monitoring solution for the financial services market focused on optimize resource allocation. Employing data mesh architecture strategy, the implementation features federated learning system, manages security vulnerability mitigation, and targets key performance indicators such as enhanced data insights.","Data Analysis, Python"
"Institute an innovative microservices architecture targeting non-profit clients with the primary goal to strengthen data governance. Built on data mesh architecture principles, the solution incorporates computer vision integration and navigates integration complexity to deliver measurable outcomes including better decision support.","JavaScript, Python, Microservices, Data Analysis, React"
"Construct an intelligent compliance tool ecosystem serving travel hospitality needs to accelerate decision-making processes. Through cloud-native development implementation, the platform offers scalable infrastructure, resolves team skill development, and enhances operational efficiency via better data accuracy.","AWS, JavaScript, Python, Docker, Data Analysis, React"
"Establish an innovative automation system targeting energy sector clients with the primary goal to boost productivity metrics. Built on event-driven design patterns principles, the solution incorporates augmented reality features and navigates regulatory compliance requirements to deliver measurable outcomes including increased system reliability.","JavaScript, React"
"Develop a scalable compliance tool platform serving healthcare organizations to optimize supply chain. Utilizing responsive design system methodology, this project introduces quantum-resistant cryptography while overcoming team skill development and demonstrating success through enhanced data insights.","AWS, JavaScript, Python, Docker, Data Analysis, React"
"Introduce a cutting-edge progressive web app solution in the agricultural technology domain aimed at strengthen data governance. Based on DevOps implementation framework, this endeavor delivers mobile-optimized design, mitigates data privacy concerns, and drives business value through enhanced compliance status.","JavaScript, Python, Data Analysis, React, CI/CD, Machine Learning"
"Construct a scalable AI-powered tool platform serving energy sector organizations to increase market competitiveness. Utilizing data mesh architecture methodology, this project introduces predictive analytics capabilities while overcoming integration complexity and demonstrating success through better data accuracy.","AWS, JavaScript, Python, Docker, Data Analysis, React"
"Construct a scalable machine learning model platform serving agricultural technology organizations to streamline operational workflows. Utilizing reactive programming methodology, this project introduces responsive user interface while overcoming legacy system integration and demonstrating success through reduced maintenance overhead.","AWS, JavaScript, Python, Docker, React, Machine Learning"
"Engineer a next-generation mobile application framework for the healthcare industry to strengthen compliance protocols. Using agile development practices techniques, the architecture provides distributed ledger technology, handles regulatory compliance requirements, and improves business metrics including improved scalability.","JavaScript, React, Agile"
"Introduce a comprehensive machine learning model for the healthcare sector designed to improve user experience. Leveraging zero-trust security model, this initiative will deliver augmented reality features while addressing user adoption strategies, ultimately achieving reduced error rates.","Machine Learning, Python"
"Construct a scalable integration hub platform serving energy sector organizations to increase market competitiveness. Utilizing domain-driven design principles methodology, this project introduces natural language processing while overcoming aggressive timeline constraints and demonstrating success through reduced operational costs.","AWS, JavaScript, Python, Docker, React, Machine Learning"
"Engineer a robust monitoring solution infrastructure for insurance applications to improve data security measures. Following serverless computing framework best practices, the system includes quantum-resistant cryptography, addresses vendor management, and optimizes for outcomes like improved system performance.","AWS, JavaScript, Python, Docker, Data Analysis, React"
"Deploy an enterprise-grade security framework for the gaming market focused on optimize supply chain. Employing infrastructure as code strategy, the implementation features seamless third-party integrations, manages user adoption strategies, and targets key performance indicators such as enhanced data insights.","AWS, Python, Docker, Data Analysis, Machine Learning"
"Construct a robust monitoring solution infrastructure for real estate applications to optimize resource allocation. Following infrastructure as code best practices, the system includes comprehensive reporting suite, addresses budget allocation limitations, and optimizes for outcomes like enhanced compliance status.","AWS, JavaScript, Python, Docker, Data Analysis, React"
"Roll out an intelligent automation system ecosystem serving education technology needs to strengthen data governance. Through data mesh architecture implementation, the platform offers comprehensive reporting suite, resolves regulatory compliance requirements, and enhances operational efficiency via enhanced compliance status.","JavaScript, Python, Data Analysis, React, Machine Learning"
"Introduce an enterprise-grade API framework for the government market focused on drive innovation initiatives. Employing progressive enhancement strategy, the implementation features computer vision integration, manages regulatory compliance requirements, and targets key performance indicators such as better resource utilization.","REST API, JavaScript, React"
"Establish a scalable AI-powered tool platform serving agricultural technology organizations to accelerate decision-making processes. Utilizing agile development practices methodology, this project introduces distributed ledger technology while overcoming scalability challenges and demonstrating success through reduced operational costs.","AWS, JavaScript, Python, Docker, React, Agile"
"Launch an intelligent IoT ecosystem ecosystem serving non-profit needs to optimize resource allocation. Through machine learning pipelines implementation, the platform offers comprehensive reporting suite, resolves vendor management, and enhances operational efficiency via increased automation rate.","JavaScript, Python, Data Analysis, React, Machine Learning"
"Create a robust monitoring solution infrastructure for financial services applications to strengthen data governance. Following containerization strategy best practices, the system includes quantum-resistant cryptography, addresses regulatory compliance requirements, and optimizes for outcomes like reduced operational costs.","AWS, JavaScript, Python, Docker, Data Analysis, React"
"Institute a scalable progressive web app platform serving real estate organizations to streamline operational workflows. Utilizing component-based architecture methodology, this project introduces scalable infrastructure while overcoming quality assurance processes and demonstrating success through faster time-to-market.","AWS, JavaScript, React, Docker"
"Develop an intelligent monitoring solution ecosystem serving non-profit needs to improve data security measures. Through event-driven design patterns implementation, the platform offers automated workflow engine, resolves legacy system integration, and enhances operational efficiency via increased system reliability.","JavaScript, Python, Data Analysis, React, Machine Learning"
"Formulate an enterprise-grade compliance tool for the logistics market focused on reduce operational costs. Employing serverless computing framework strategy, the implementation features comprehensive reporting suite, manages disaster recovery planning, and targets key performance indicators such as increased customer retention.","Data Analysis, JavaScript, React, Python"
"Deploy a robust enterprise system infrastructure for insurance applications to accelerate decision-making processes. Following agile development practices best practices, the system includes quantum-resistant cryptography, addresses team skill development, and optimizes for outcomes like enhanced compliance status.","AWS, JavaScript, Docker, React, Agile"
"Initiate a robust security framework infrastructure for automotive industry applications to boost productivity metrics. Following data mesh architecture best practices, the system includes predictive analytics capabilities, addresses documentation standards, and optimizes for outcomes like better data accuracy.","AWS, JavaScript, Python, Docker, Data Analysis, React"
"Construct a next-generation real-time dashboard framework for the insurance industry to facilitate global expansion. Using API-first methodology techniques, the architecture provides AI-assisted functionality, handles team skill development, and improves business metrics including better decision support.","JavaScript, Python, React, REST API, Machine Learning"
"Build a comprehensive IoT ecosystem for the logistics sector designed to optimize supply chain. Leveraging agile development practices, this initiative will deliver mobile-optimized design while addressing performance optimization, ultimately achieving reduced operational costs.","JavaScript, Python, React, Agile, Machine Learning"
"Construct an enterprise-grade IoT ecosystem for the non-profit market focused on optimize supply chain. Employing component-based architecture strategy, the implementation features advanced security protocols, manages integration complexity, and targets key performance indicators such as reduced maintenance overhead.","Machine Learning, Python"
"Construct a scalable API framework platform serving government organizations to streamline operational workflows. Utilizing DevOps implementation methodology, this project introduces federated learning system while overcoming aggressive timeline constraints and demonstrating success through enhanced data insights.","AWS, JavaScript, Python, Data Analysis, React, CI/CD"
"Implement a comprehensive blockchain network for the pharmaceutical sector designed to expand service offerings. Leveraging containerization strategy, this initiative will deliver mobile-optimized design while addressing integration complexity, ultimately achieving faster time-to-market.","React, Machine Learning, JavaScript, Python"
"Implement a scalable software solution platform serving media entertainment organizations to accelerate decision-making processes. Utilizing reactive programming methodology, this project introduces mobile-optimized design while overcoming vendor management and demonstrating success through increased system reliability.","AWS, JavaScript, Python, Docker, React, Machine Learning"
"Construct a comprehensive compliance tool for the real estate sector designed to facilitate global expansion. Leveraging infrastructure as code, this initiative will deliver computer vision integration while addressing team skill development, ultimately achieving better user engagement.","AWS, Docker"
"Introduce an innovative IoT ecosystem targeting energy sector clients with the primary goal to improve data security measures. Built on serverless computing framework principles, the solution incorporates scalable infrastructure and navigates integration complexity to deliver measurable outcomes including better user engagement.","AWS, JavaScript, Python, Docker, Data Analysis, React"
"Pioneer a scalable AI-powered tool platform serving gaming organizations to reduce operational costs. Utilizing responsive design system methodology, this project introduces real-time analytics dashboard while overcoming technical debt resolution and demonstrating success through enhanced user satisfaction.","AWS, JavaScript, Python, Docker, Data Analysis, React"
"Implement a comprehensive data analytics for the insurance sector designed to reduce operational costs. Leveraging reactive programming, this initiative will deliver voice-enabled interactions while addressing disaster recovery planning, ultimately achieving increased system reliability.","Data Analysis, Python"
"Pioneer a cutting-edge data analytics solution in the education technology domain aimed at enable real-time insights. Based on data mesh architecture framework, this endeavor delivers advanced security protocols, mitigates documentation standards, and drives business value through higher system availability.","Data Analysis, Machine Learning, Python"
"Construct a scalable mobile application platform serving manufacturing organizations to streamline operational workflows. Utilizing agile development practices methodology, this project introduces edge computing capabilities while overcoming change management and demonstrating success through increased automation rate.","AWS, JavaScript, Docker, React, Agile"
"Pioneer a robust mobile application infrastructure for cybersecurity applications to optimize supply chain. Following microservices architecture best practices, the system includes augmented reality features, addresses change management, and optimizes for outcomes like increased automation rate.","AWS, JavaScript, Microservices, Docker, Python, React"
"Roll out an enterprise-grade reporting system for the gaming market focused on accelerate decision-making processes. Employing responsive design system strategy, the implementation features advanced security protocols, manages vendor management, and targets key performance indicators such as improved team productivity.","Data Analysis, Python"
"Establish an intelligent digital platform ecosystem serving financial services needs to improve product quality. Through reactive programming implementation, the platform offers responsive user interface, resolves change management, and enhances operational efficiency via improved system performance.","JavaScript, React, Python, Machine Learning"
"Formulate a cutting-edge reporting system solution in the insurance domain aimed at modernize legacy infrastructure. Based on functional programming paradigm framework, this endeavor delivers augmented reality features, mitigates documentation standards, and drives business value through improved scalability.","AWS, Python, Docker, Data Analysis, Machine Learning"
"Roll out an intelligent monitoring solution ecosystem serving non-profit needs to enhance scalability capabilities. Through continuous delivery pipeline implementation, the platform offers predictive analytics capabilities, resolves documentation standards, and enhances operational efficiency via improved scalability.","JavaScript, Python, Data Analysis, React, Machine Learning"
"Establish an intelligent compliance tool ecosystem serving real estate needs to boost productivity metrics. Through functional programming paradigm implementation, the platform offers federated learning system, resolves regulatory compliance requirements, and enhances operational efficiency via higher system availability.","JavaScript, React, Python, Machine Learning"
"Build an intelligent enterprise system ecosystem serving insurance needs to expand service offerings. Through infrastructure as code implementation, the platform offers seamless third-party integrations, resolves disaster recovery planning, and enhances operational efficiency via enhanced user satisfaction.","AWS, JavaScript, Python, Docker, React, Machine Learning"
"Pioneer an enterprise-grade automation system for the financial services market focused on increase market competitiveness. Employing reactive programming strategy, the implementation features predictive analytics capabilities, manages budget allocation limitations, and targets key performance indicators such as enhanced user satisfaction.","Data Analysis, Machine Learning, Python"
"Build a comprehensive IoT ecosystem for the real estate sector designed to facilitate global expansion. Leveraging zero-trust security model, this initiative will deliver voice-enabled interactions while addressing documentation standards, ultimately achieving improved security posture.","JavaScript, React"
"Roll out a comprehensive IoT ecosystem for the education technology sector designed to strengthen data governance. Leveraging agile development practices, this initiative will deliver natural language processing while addressing data privacy concerns, ultimately achieving increased system reliability.","Data Analysis, Python, Agile"
"Initiate an intelligent cloud infrastructure ecosystem serving government needs to modernize legacy infrastructure. Through functional programming paradigm implementation, the platform offers quantum-resistant cryptography, resolves vendor management, and enhances operational efficiency via better decision support.","AWS, JavaScript, Python, Docker, React, Machine Learning"
"Pioneer an intelligent cloud infrastructure ecosystem serving insurance needs to optimize resource allocation. Through zero-trust security model implementation, the platform offers comprehensive reporting suite, resolves technical debt resolution, and enhances operational efficiency via enhanced compliance status.","AWS, JavaScript, Python, Docker, Data Analysis, React"
"Deploy a robust enterprise system infrastructure for real estate applications to boost productivity metrics. Following containerization strategy best practices, the system includes distributed ledger technology, addresses aggressive timeline constraints, and optimizes for outcomes like improved team productivity.","AWS, JavaScript, Python, Docker, React, Machine Learning"
"Establish a robust blockchain network infrastructure for education technology applications to modernize legacy infrastructure. Following agile development practices best practices, the system includes comprehensive reporting suite, addresses budget allocation limitations, and optimizes for outcomes like faster time-to-market.","AWS, JavaScript, Python, Data Analysis, React, Agile"
"Construct a cutting-edge software solution solution in the pharmaceutical domain aimed at facilitate global expansion. Based on data mesh architecture framework, this endeavor delivers AI-assisted functionality, mitigates team skill development, and drives business value through increased system reliability.","Data Analysis, Machine Learning, Python"
"Implement an intelligent compliance tool ecosystem serving agricultural technology needs to enhance scalability capabilities. Through functional programming paradigm implementation, the platform offers automated workflow engine, resolves change management, and enhances operational efficiency via improved scalability.","JavaScript, React, Python, Machine Learning"
"Develop a cutting-edge digital platform solution in the energy sector domain aimed at improve user experience. Based on machine learning pipelines framework, this endeavor delivers responsive user interface, mitigates user adoption strategies, and drives business value through improved scalability.","React, Machine Learning, JavaScript, Python"
"Roll out an intelligent data analytics ecosystem serving pharmaceutical needs to enable real-time insights. Through agile development practices implementation, the platform offers augmented reality features, resolves integration complexity, and enhances operational efficiency via improved scalability.","JavaScript, Python, Data Analysis, React, Agile, Machine Learning"
"Engineer a next-generation blockchain network framework for the non-profit industry to enable real-time insights. Using zero-trust security model techniques, the architecture provides intuitive user experience, handles cross-team coordination, and improves business metrics including better data accuracy.","JavaScript, Python, Data Analysis, React, Machine Learning"
"Pioneer a scalable machine learning model platform serving insurance organizations to optimize supply chain. Utilizing machine learning pipelines methodology, this project introduces automated workflow engine while overcoming data privacy concerns and demonstrating success through increased processing speed.","AWS, JavaScript, Python, Data Analysis, React, Machine Learning"
"Engineer an intelligent API framework ecosystem serving travel hospitality needs to optimize supply chain. Through functional programming paradigm implementation, the platform offers mobile-optimized design, resolves integration complexity, and enhances operational efficiency via improved system performance.","JavaScript, Python, React, REST API, Machine Learning"
"Roll out a cutting-edge microservices architecture solution in the government domain aimed at enhance scalability capabilities. Based on progressive enhancement framework, this endeavor delivers seamless third-party integrations, mitigates data privacy concerns, and drives business value through better user engagement.","Data Analysis, Python, Microservices, Machine Learning"
"Build a cutting-edge enterprise system solution in the telecommunications domain aimed at boost productivity metrics. Based on DevOps implementation framework, this endeavor delivers AI-assisted functionality, mitigates user adoption strategies, and drives business value through better resource utilization.","JavaScript, Python, React, CI/CD, Machine Learning"
"Formulate an enterprise-grade data analytics for the telecommunications market focused on streamline operational workflows. Employing API-first methodology strategy, the implementation features comprehensive reporting suite, manages vendor management, and targets key performance indicators such as reduced operational costs.","JavaScript, Python, Data Analysis, React, REST API"
"Develop an innovative progressive web app targeting government clients with the primary goal to optimize resource allocation. Built on event-driven design patterns principles, the solution incorporates mobile-optimized design and navigates disaster recovery planning to deliver measurable outcomes including better data accuracy.","Data Analysis, JavaScript, React, Python"
"Institute a robust mobile application infrastructure for logistics applications to drive innovation initiatives. Following serverless computing framework best practices, the system includes real-time analytics dashboard, addresses regulatory compliance requirements, and optimizes for outcomes like improved scalability.","AWS, JavaScript, Python, Docker, Data Analysis, React"
"Construct a cutting-edge data analytics solution in the gaming domain aimed at strengthen data governance. Based on progressive enhancement framework, this endeavor delivers quantum-resistant cryptography, mitigates scalability challenges, and drives business value through enhanced data insights.","Data Analysis, Machine Learning, Python"
"Deploy a scalable API framework platform serving agricultural technology organizations to modernize legacy infrastructure. Utilizing API-first methodology methodology, this project introduces predictive analytics capabilities while overcoming legacy system integration and demonstrating success through improved system performance.","AWS, JavaScript, Python, Data Analysis, React, REST API"
"Deploy a robust digital platform infrastructure for agricultural technology applications to strengthen compliance protocols. Following data mesh architecture best practices, the system includes comprehensive reporting suite, addresses legacy system integration, and optimizes for outcomes like reduced error rates.","AWS, JavaScript, Python, Docker, Data Analysis, React"
"Construct a cutting-edge progressive web app solution in the education technology domain aimed at modernize legacy infrastructure. Based on containerization strategy framework, this endeavor delivers augmented reality features, mitigates technical debt resolution, and drives business value through enhanced data insights.","AWS, JavaScript, Python, Docker, Data Analysis, React"
"Launch a next-generation mobile application framework for the retail operations industry to accelerate decision-making processes. Using progressive enhancement techniques, the architecture provides federated learning system, handles technology stack modernization, and improves business metrics including increased customer retention.","JavaScript, React, Python, Machine Learning"
"Create a scalable machine learning model platform serving insurance organizations to improve data security measures. Utilizing progressive enhancement methodology, this project introduces real-time analytics dashboard while overcoming technical debt resolution and demonstrating success through reduced operational costs.","AWS, JavaScript, Python, Data Analysis, React, Machine Learning"
"Roll out an intelligent automation system ecosystem serving healthcare needs to boost productivity metrics. Through containerization strategy implementation, the platform offers advanced security protocols, resolves regulatory compliance requirements, and enhances operational efficiency via increased customer retention.","JavaScript, React, Python, Machine Learning"
"Develop a next-generation cloud infrastructure framework for the education technology industry to improve user experience. Using progressive enhancement techniques, the architecture provides comprehensive reporting suite, handles regulatory compliance requirements, and improves business metrics including improved security posture.","AWS, JavaScript, Python, Docker, Data Analysis, React"
"Deploy a next-generation microservices architecture framework for the telecommunications industry to enhance customer engagement. Using functional programming paradigm techniques, the architecture provides edge computing capabilities, handles data migration complexities, and improves business metrics including increased customer retention.","Data Analysis, Python, Microservices"
"Construct an intelligent real-time dashboard ecosystem serving media entertainment needs to streamline operational workflows. Through serverless computing framework implementation, the platform offers mobile-optimized design, resolves documentation standards, and enhances operational efficiency via increased processing speed.","JavaScript, React, Python, Machine Learning"
"Build a comprehensive blockchain network for the telecommunications sector designed to enhance scalability capabilities. Leveraging containerization strategy, this initiative will deliver federated learning system while addressing user adoption strategies, ultimately achieving enhanced user satisfaction.","JavaScript, React, Python, Machine Learning"
"Construct a robust microservices architecture infrastructure for non-profit applications to facilitate global expansion. Following progressive enhancement best practices, the system includes intuitive user experience, addresses legacy system integration, and optimizes for outcomes like reduced maintenance overhead.","AWS, JavaScript, Microservices, Docker, Python, React"
"Construct a next-generation security framework framework for the energy sector industry to improve product quality. Using serverless computing framework techniques, the architecture provides distributed ledger technology, handles integration complexity, and improves business metrics including enhanced compliance status.",
"Institute an intelligent machine learning model ecosystem serving insurance needs to optimize supply chain. Through infrastructure as code implementation, the platform offers natural language processing, resolves legacy system integration, and enhances operational efficiency via enhanced data insights.","AWS, JavaScript, Python, Data Analysis, React, Machine Learning"
"Construct a cutting-edge progressive web app solution in the energy sector domain aimed at drive innovation initiatives. Based on component-based architecture framework, this endeavor delivers distributed ledger technology, mitigates cross-team coordination, and drives business value through better user engagement.","JavaScript, React, Python, Machine Learning"
"Design a comprehensive data analytics for the healthcare sector designed to increase market competitiveness. Leveraging event-driven design patterns, this initiative will deliver computer vision integration while addressing budget allocation limitations, ultimately achieving increased processing speed.","Data Analysis, Python"
"Roll out a next-generation blockchain network framework for the cybersecurity industry to optimize resource allocation. Using microservices architecture techniques, the architecture provides intuitive user experience, handles team skill development, and improves business metrics including reduced operational costs.","JavaScript, Python, Microservices, React, Machine Learning"
"Implement an enterprise-grade integration hub for the insurance market focused on drive innovation initiatives. Employing cloud-native development strategy, the implementation features seamless third-party integrations, manages security vulnerability mitigation, and targets key performance indicators such as reduced operational costs.","AWS, Docker"
"Establish an innovative compliance tool targeting education technology clients with the primary goal to improve product quality. Built on serverless computing framework principles, the solution incorporates distributed ledger technology and navigates quality assurance processes to deliver measurable outcomes including increased automation rate.","JavaScript, React"
"Launch a next-generation data analytics framework for the non-profit industry to improve user experience. Using reactive programming techniques, the architecture provides AI-assisted functionality, handles aggressive timeline constraints, and improves business metrics including reduced error rates.","Data Analysis, Machine Learning, Python"
"Formulate a cutting-edge microservices architecture solution in the cybersecurity domain aimed at expand service offerings. Based on machine learning pipelines framework, this endeavor delivers distributed ledger technology, mitigates budget allocation limitations, and drives business value through reduced maintenance overhead.","Python, Machine Learning, Microservices"
"Deploy an enterprise-grade integration hub for the financial services market focused on drive innovation initiatives. Employing API-first methodology strategy, the implementation features predictive analytics capabilities, manages legacy system integration, and targets key performance indicators such as better resource utilization.","Data Analysis, REST API, Machine Learning, Python"
"Implement an enterprise-grade automation system for the travel hospitality market focused on improve data security measures. Employing API-first methodology strategy, the implementation features mobile-optimized design, manages integration complexity, and targets key performance indicators such as increased system reliability.","JavaScript, Python, Data Analysis, React, REST API"
"Initiate a comprehensive security framework for the telecommunications sector designed to enhance scalability capabilities. Leveraging machine learning pipelines, this initiative will deliver responsive user interface while addressing disaster recovery planning, ultimately achieving better resource utilization.","Machine Learning, Python"
"Roll out a comprehensive real-time dashboard for the agricultural technology sector designed to accelerate decision-making processes. Leveraging DevOps implementation, this initiative will deliver federated learning system while addressing legacy system integration, ultimately achieving reduced maintenance overhead.","JavaScript, Python, React, CI/CD, Machine Learning"
"Introduce an innovative blockchain network targeting logistics clients with the primary goal to enhance customer engagement. Built on zero-trust security model principles, the solution incorporates natural language processing and navigates disaster recovery planning to deliver measurable outcomes including increased system reliability.","JavaScript, React, Python, Machine Learning"
"Build an intelligent security framework ecosystem serving gaming needs to enhance customer engagement. Through functional programming paradigm implementation, the platform offers voice-enabled interactions, resolves vendor management, and enhances operational efficiency via reduced operational costs.","JavaScript, React, Python, Machine Learning"
"Construct an innovative reporting system targeting energy sector clients with the primary goal to optimize supply chain. Built on data mesh architecture principles, the solution incorporates edge computing capabilities and navigates technical debt resolution to deliver measurable outcomes including faster time-to-market.","JavaScript, Python, Data Analysis, React, Machine Learning"
"Formulate a cutting-edge API framework solution in the travel hospitality domain aimed at increase market competitiveness. Based on test-driven development framework, this endeavor delivers blockchain verification, mitigates disaster recovery planning, and drives business value through improved system performance.","REST API, Machine Learning, Python"
"Construct a scalable AI-powered tool platform serving travel hospitality organizations to improve data security measures. Utilizing containerization strategy methodology, this project introduces responsive user interface while overcoming regulatory compliance requirements and demonstrating success through faster time-to-market.","AWS, JavaScript, Python, Docker, Data Analysis, React"
"Institute a cutting-edge security framework solution in the financial services domain aimed at boost productivity metrics. Based on agile development practices framework, this endeavor delivers distributed ledger technology, mitigates budget allocation limitations, and drives business value through improved security posture.","Machine Learning, Python, Agile"
"Engineer a next-generation data analytics framework for the healthcare industry to strengthen compliance protocols. Using agile development practices techniques, the architecture provides federated learning system, handles vendor management, and improves business metrics including enhanced user satisfaction.","Data Analysis, Python, Agile"
"Create a robust digital platform infrastructure for retail operations applications to improve user experience. Following DevOps implementation best practices, the system includes voice-enabled interactions, addresses change management, and optimizes for outcomes like increased processing speed.","AWS, JavaScript, Python, Docker, React, CI/CD"
"Introduce a robust automation system infrastructure for non-profit applications to streamline operational workflows. Following cloud-native development best practices, the system includes comprehensive reporting suite, addresses change management, and optimizes for outcomes like better resource utilization.","AWS, JavaScript, Python, Docker, Data Analysis, React"
"Deploy a cutting-edge blockchain network solution in the government domain aimed at modernize legacy infrastructure. Based on cloud-native development framework, this endeavor delivers mobile-optimized design, mitigates data privacy concerns, and drives business value through improved system performance.","AWS, JavaScript, Python, Docker, Data Analysis, Machine Learning"
"Introduce a cutting-edge integration hub solution in the education technology domain aimed at enable real-time insights. Based on DevOps implementation framework, this endeavor delivers quantum-resistant cryptography, mitigates cross-team coordination, and drives business value through increased automation rate.","Machine Learning, CI/CD, Python"
"Design an intelligent reporting system ecosystem serving non-profit needs to increase market competitiveness. Through API-first methodology implementation, the platform offers predictive analytics capabilities, resolves change management, and enhances operational efficiency via better data accuracy.","JavaScript, Python, Data Analysis, React, REST API, Machine Learning"
"Construct an intelligent monitoring solution ecosystem serving manufacturing needs to reduce operational costs. Through test-driven development implementation, the platform offers advanced security protocols, resolves legacy system integration, and enhances operational efficiency via enhanced compliance status.","JavaScript, React, Python, Machine Learning"
"Create an enterprise-grade mobile application for the telecommunications market focused on streamline operational workflows. Employing data mesh architecture strategy, the implementation features federated learning system, manages vendor management, and targets key performance indicators such as better user engagement.","Data Analysis, JavaScript, React, Python"
"Design a next-generation compliance tool framework for the cybersecurity industry to enhance scalability capabilities. Using infrastructure as code techniques, the architecture provides scalable infrastructure, handles data privacy concerns, and improves business metrics including improved team productivity.","Data Analysis, AWS, Python, Docker"
"Engineer a next-generation real-time dashboard framework for the education technology industry to increase market competitiveness. Using agile development practices techniques, the architecture provides seamless third-party integrations, handles aggressive timeline constraints, and improves business metrics including better decision support.","JavaScript, Python, React, Agile, Machine Learning"
"Construct a comprehensive microservices architecture for the real estate sector designed to strengthen data governance. Leveraging machine learning pipelines, this initiative will deliver federated learning system while addressing quality assurance processes, ultimately achieving enhanced data insights.","Data Analysis, Python, Machine Learning, Microservices"
"Implement an intelligent monitoring solution ecosystem serving real estate needs to drive innovation initiatives. Through cloud-native development implementation, the platform offers intuitive user experience, resolves security vulnerability mitigation, and enhances operational efficiency via better decision support.","AWS, JavaScript, Python, Docker, React, Machine Learning"
"Implement a scalable compliance tool platform serving logistics organizations to automate manual processes. Utilizing progressive enhancement methodology, this project introduces seamless third-party integrations while overcoming change management and demonstrating success through increased processing speed.","AWS, JavaScript, React, Docker"
"Institute a cutting-edge digital platform solution in the telecommunications domain aimed at automate manual processes. Based on machine learning pipelines framework, this endeavor delivers intuitive user experience, mitigates technology stack modernization, and drives business value through reduced operational costs.","React, Machine Learning, JavaScript, Python"
"Roll out an intelligent enterprise system ecosystem serving government needs to improve user experience. Through reactive programming implementation, the platform offers federated learning system, resolves aggressive timeline constraints, and enhances operational efficiency via reduced maintenance overhead.","JavaScript, React, Python, Machine Learning"
"Launch an innovative software solution targeting agricultural technology clients with the primary goal to strengthen compliance protocols. Built on domain-driven design principles principles, the solution incorporates natural language processing and navigates security vulnerability mitigation to deliver measurable outcomes including higher system availability.","JavaScript, React, Python, Machine Learning"
"Pioneer a next-generation security framework framework for the non-profit industry to streamline operational workflows. Using data mesh architecture techniques, the architecture provides computer vision integration, handles technical debt resolution, and improves business metrics including improved security posture.","Data Analysis, Python"
"Construct a scalable AI-powered tool platform serving healthcare organizations to reduce operational costs. Utilizing API-first methodology methodology, this project introduces automated workflow engine while overcoming integration complexity and demonstrating success through enhanced user satisfaction.","AWS, JavaScript, Python, Docker, React, REST API"
"Create a scalable real-time dashboard platform serving telecommunications organizations to reduce operational costs. Utilizing domain-driven design principles methodology, this project introduces federated learning system while overcoming disaster recovery planning and demonstrating success through increased system reliability.","AWS, JavaScript, Python, Docker, React, Machine Learning"
"Initiate a next-generation API framework framework for the real estate industry to optimize resource allocation. Using responsive design system techniques, the architecture provides distributed ledger technology, handles performance optimization, and improves business metrics including better resource utilization.",REST API
"Establish a cutting-edge integration hub solution in the healthcare domain aimed at accelerate decision-making processes. Based on machine learning pipelines framework, this endeavor delivers edge computing capabilities, mitigates performance optimization, and drives business value through improved team productivity.","Machine Learning, Python"
"Pioneer an enterprise-grade compliance tool for the pharmaceutical market focused on enhance scalability capabilities. Employing serverless computing framework strategy, the implementation features federated learning system, manages technical debt resolution, and targets key performance indicators such as better resource utilization.",
"Formulate a cutting-edge software solution solution in the media entertainment domain aimed at facilitate global expansion. Based on functional programming paradigm framework, this endeavor delivers intuitive user experience, mitigates legacy system integration, and drives business value through improved security posture.","JavaScript, React, Python, Machine Learning"
"Create an enterprise-grade microservices architecture for the media entertainment market focused on improve user experience. Employing machine learning pipelines strategy, the implementation features federated learning system, manages legacy system integration, and targets key performance indicators such as higher system availability.","Python, Machine Learning, Microservices"
"Pioneer a cutting-edge mobile application solution in the automotive industry domain aimed at optimize supply chain. Based on test-driven development framework, this endeavor delivers natural language processing, mitigates scalability challenges, and drives business value through enhanced user satisfaction.","JavaScript, React, Python, Machine Learning"
"Initiate a scalable API framework platform serving e-commerce organizations to improve data security measures. Utilizing continuous delivery pipeline methodology, this project introduces real-time analytics dashboard while overcoming user adoption strategies and demonstrating success through reduced maintenance overhead.","AWS, JavaScript, Python, Data Analysis, React, REST API"
"Implement a cutting-edge IoT ecosystem solution in the agricultural technology domain aimed at optimize resource allocation. Based on component-based architecture framework, this endeavor delivers comprehensive reporting suite, mitigates integration complexity, and drives business value through better decision support.","JavaScript, Python, Data Analysis, React, Machine Learning"
"Establish an enterprise-grade enterprise system for the automotive industry market focused on drive innovation initiatives. Employing microservices architecture strategy, the implementation features computer vision integration, manages change management, and targets key performance indicators such as better data accuracy.","Data Analysis, Python, Microservices"
"Create an innovative compliance tool targeting logistics clients with the primary goal to increase market competitiveness. Built on cloud-native development principles, the solution incorporates natural language processing and navigates data privacy concerns to deliver measurable outcomes including enhanced data insights.","AWS, JavaScript, Python, Docker, Data Analysis, React"
"Create an enterprise-grade compliance tool for the retail operations market focused on streamline operational workflows. Employing machine learning pipelines strategy, the implementation features predictive analytics capabilities, manages budget allocation limitations, and targets key performance indicators such as enhanced compliance status.","Data Analysis, Machine Learning, Python"
"Engineer an innovative mobile application targeting telecommunications clients with the primary goal to modernize legacy infrastructure. Built on event-driven design patterns principles, the solution incorporates real-time analytics dashboard and navigates disaster recovery planning to deliver measurable outcomes including reduced error rates.","AWS, JavaScript, Python, Docker, Data Analysis, React"
"Deploy a next-generation reporting system framework for the education technology industry to reduce operational costs. Using containerization strategy techniques, the architecture provides predictive analytics capabilities, handles disaster recovery planning, and improves business metrics including enhanced compliance status.","Data Analysis, Machine Learning, Python"
"Implement a robust enterprise system infrastructure for agricultural technology applications to improve user experience. Following serverless computing framework best practices, the system includes federated learning system, addresses documentation standards, and optimizes for outcomes like better decision support.","AWS, JavaScript, React, Docker"
"Build an enterprise-grade automation system for the manufacturing market focused on automate manual processes. Employing domain-driven design principles strategy, the implementation features natural language processing, manages team skill development, and targets key performance indicators such as faster time-to-market.","JavaScript, React, Python, Machine Learning"
"Initiate a robust microservices architecture infrastructure for automotive industry applications to enhance scalability capabilities. Following microservices architecture best practices, the system includes seamless third-party integrations, addresses team skill development, and optimizes for outcomes like increased processing speed.","AWS, JavaScript, Microservices, Docker, React"
"Construct an intelligent cloud infrastructure ecosystem serving media entertainment needs to optimize supply chain. Through containerization strategy implementation, the platform offers predictive analytics capabilities, resolves quality assurance processes, and enhances operational efficiency via better decision support.","AWS, JavaScript, Python, Docker, Data Analysis, React"
"Construct a robust enterprise system infrastructure for media entertainment applications to increase market competitiveness. Following machine learning pipelines best practices, the system includes augmented reality features, addresses scalability challenges, and optimizes for outcomes like increased system reliability.","AWS, JavaScript, Python, Docker, React, Machine Learning"
"Institute an innovative microservices architecture targeting non-profit clients with the primary goal to accelerate decision-making processes. Built on progressive enhancement principles, the solution incorporates scalable infrastructure and navigates security vulnerability mitigation to deliver measurable outcomes including reduced maintenance overhead.","AWS, JavaScript, Microservices, Docker, Python, React"
"Build a cutting-edge AI-powered tool solution in the logistics domain aimed at improve product quality. Based on microservices architecture framework, this endeavor delivers advanced security protocols, mitigates cross-team coordination, and drives business value through better decision support.","JavaScript, Python, Microservices, React, Machine Learning"
"Deploy an intelligent reporting system ecosystem serving retail operations needs to enable real-time insights. Through infrastructure as code implementation, the platform offers seamless third-party integrations, resolves documentation standards, and enhances operational efficiency via improved system performance.","AWS, JavaScript, Python, Docker, Data Analysis, React"
"Construct an intelligent API framework ecosystem serving manufacturing needs to strengthen compliance protocols. Through microservices architecture implementation, the platform offers comprehensive reporting suite, resolves scalability challenges, and enhances operational efficiency via increased system reliability.","JavaScript, Python, Microservices, Data Analysis, React, REST API"
"Launch a scalable security framework platform serving logistics organizations to increase market competitiveness. Utilizing functional programming paradigm methodology, this project introduces voice-enabled interactions while overcoming integration complexity and demonstrating success through increased automation rate.","AWS, JavaScript, React, Docker"
"Design an intelligent security framework ecosystem serving agricultural technology needs to improve data security measures. Through containerization strategy implementation, the platform offers advanced security protocols, resolves scalability challenges, and enhances operational efficiency via better decision support.","JavaScript, Python, Data Analysis, React, Machine Learning"
"Roll out an enterprise-grade blockchain network for the telecommunications market focused on enable real-time insights. Employing data mesh architecture strategy, the implementation features real-time analytics dashboard, manages documentation standards, and targets key performance indicators such as improved team productivity.","JavaScript, Python, Data Analysis, React, Machine Learning"
"Implement a scalable reporting system platform serving pharmaceutical organizations to facilitate global expansion. Utilizing event-driven design patterns methodology, this project introduces quantum-resistant cryptography while overcoming team skill development and demonstrating success through reduced operational costs.","AWS, JavaScript, Python, Docker, Data Analysis, React"
"Construct a robust security framework infrastructure for e-commerce applications to optimize supply chain. Following machine learning pipelines best practices, the system includes predictive analytics capabilities, addresses disaster recovery planning, and optimizes for outcomes like enhanced user satisfaction.","AWS, JavaScript, Python, Data Analysis, React, Machine Learning"
"Formulate a cutting-edge API framework solution in the retail operations domain aimed at strengthen compliance protocols. Based on serverless computing framework framework, this endeavor delivers automated workflow engine, mitigates disaster recovery planning, and drives business value through better resource utilization.","REST API, Machine Learning, Python"
"Develop a cutting-edge machine learning model solution in the pharmaceutical domain aimed at optimize resource allocation. Based on API-first methodology framework, this endeavor delivers edge computing capabilities, mitigates performance optimization, and drives business value through increased customer retention.","REST API, Machine Learning, Python"
"Launch a next-generation reporting system framework for the logistics industry to automate manual processes. Using infrastructure as code techniques, the architecture provides scalable infrastructure, handles vendor management, and improves business metrics including faster time-to-market.","Data Analysis, AWS, Python, Docker"
"Design a robust security framework infrastructure for agricultural technology applications to improve user experience. Following DevOps implementation best practices, the system includes natural language processing, addresses aggressive timeline constraints, and optimizes for outcomes like improved security posture.","AWS, JavaScript, Python, Docker, React, CI/CD"
"Construct a next-generation security framework framework for the retail operations industry to enhance scalability capabilities. Using functional programming paradigm techniques, the architecture provides comprehensive reporting suite, handles data privacy concerns, and improves business metrics including reduced maintenance overhead.","JavaScript, Python, Data Analysis, React, Machine Learning"
"Construct a cutting-edge microservices architecture solution in the government domain aimed at enhance customer engagement. Based on event-driven design patterns framework, this endeavor delivers distributed ledger technology, mitigates integration complexity, and drives business value through increased automation rate.","Python, Microservices, Machine Learning"
"Construct a comprehensive reporting system for the energy sector sector designed to drive innovation initiatives. Leveraging test-driven development, this initiative will deliver scalable infrastructure while addressing user adoption strategies, ultimately achieving reduced error rates.","Data Analysis, AWS, Python, Docker"
"Institute an innovative API framework targeting education technology clients with the primary goal to strengthen compliance protocols. Built on continuous delivery pipeline principles, the solution incorporates intuitive user experience and navigates regulatory compliance requirements to deliver measurable outcomes including improved system performance.","REST API, JavaScript, React"
"Design a next-generation progressive web app framework for the gaming industry to reduce operational costs. Using event-driven design patterns techniques, the architecture provides scalable infrastructure, handles vendor management, and improves business metrics including better resource utilization.","AWS, JavaScript, React, Docker"
"Engineer a comprehensive data analytics for the e-commerce sector designed to modernize legacy infrastructure. Leveraging cloud-native development, this initiative will deliver voice-enabled interactions while addressing data privacy concerns, ultimately achieving enhanced compliance status.","Data Analysis, AWS, Python, Docker"
"Establish an intelligent integration hub ecosystem serving real estate needs to reduce operational costs. Through component-based architecture implementation, the platform offers responsive user interface, resolves cross-team coordination, and enhances operational efficiency via reduced error rates.","JavaScript, React, Python, Machine Learning"
"Build a comprehensive enterprise system for the gaming sector designed to modernize legacy infrastructure. Leveraging progressive enhancement, this initiative will deliver real-time analytics dashboard while addressing team skill development, ultimately achieving better data accuracy.","AWS, JavaScript, Python, Docker, Data Analysis, React"
"Develop an enterprise-grade compliance tool for the pharmaceutical market focused on enhance scalability capabilities. Employing responsive design system strategy, the implementation features voice-enabled interactions, manages performance optimization, and targets key performance indicators such as reduced error rates.",
"Deploy a next-generation progressive web app framework for the healthcare industry to optimize resource allocation. Using infrastructure as code techniques, the architecture provides distributed ledger technology, handles user adoption strategies, and improves business metrics including reduced operational costs.","AWS, JavaScript, React, Docker"
"Establish an enterprise-grade machine learning model for the real estate market focused on accelerate decision-making processes. Employing infrastructure as code strategy, the implementation features computer vision integration, manages performance optimization, and targets key performance indicators such as better decision support.","AWS, Machine Learning, Python, Docker"
"Build a robust monitoring solution infrastructure for retail operations applications to enhance scalability capabilities. Following functional programming paradigm best practices, the system includes natural language processing, addresses legacy system integration, and optimizes for outcomes like enhanced user satisfaction.","AWS, JavaScript, Python, Docker, React, Machine Learning"
"Construct a comprehensive mobile application for the gaming sector designed to expand service offerings. Leveraging containerization strategy, this initiative will deliver automated workflow engine while addressing cross-team coordination, ultimately achieving improved team productivity.","JavaScript, React, Python, Machine Learning"
"Launch an innovative software solution targeting retail operations clients with the primary goal to accelerate decision-making processes. Built on progressive enhancement principles, the solution incorporates federated learning system and navigates aggressive timeline constraints to deliver measurable outcomes including increased system reliability.","JavaScript, React, Python, Machine Learning"
"Establish a scalable real-time dashboard platform serving media entertainment organizations to improve user experience. Utilizing test-driven development methodology, this project introduces responsive user interface while overcoming documentation standards and demonstrating success through reduced error rates.","AWS, JavaScript, Python, Docker, React, Machine Learning"
"Create a next-generation IoT ecosystem framework for the logistics industry to enable real-time insights. Using serverless computing framework techniques, the architecture provides blockchain verification, handles quality assurance processes, and improves business metrics including higher system availability.","Machine Learning, Python"
"Launch a cutting-edge digital platform solution in the pharmaceutical domain aimed at optimize resource allocation. Based on microservices architecture framework, this endeavor delivers real-time analytics dashboard, mitigates aggressive timeline constraints, and drives business value through reduced operational costs.","JavaScript, Python, Microservices, Data Analysis, React, Machine Learning"
"Introduce a scalable automation system platform serving agricultural technology organizations to expand service offerings. Utilizing serverless computing framework methodology, this project introduces federated learning system while overcoming regulatory compliance requirements and demonstrating success through better user engagement.","AWS, JavaScript, React, Docker"
"Develop a robust monitoring solution infrastructure for education technology applications to increase market competitiveness. Following event-driven design patterns best practices, the system includes edge computing capabilities, addresses data migration complexities, and optimizes for outcomes like better user engagement.","AWS, JavaScript, Python, Docker, Data Analysis, React"
"Engineer a scalable software solution platform serving energy sector organizations to accelerate decision-making processes. Utilizing API-first methodology methodology, this project introduces computer vision integration while overcoming team skill development and demonstrating success through higher system availability.","AWS, JavaScript, Python, Docker, React, REST API"
"Formulate a scalable IoT ecosystem platform serving media entertainment organizations to strengthen data governance. Utilizing progressive enhancement methodology, this project introduces automated workflow engine while overcoming data migration complexities and demonstrating success through enhanced user satisfaction.","AWS, JavaScript, Python, Docker, Data Analysis, React"
"Construct an enterprise-grade automation system for the gaming market focused on improve product quality. Employing test-driven development strategy, the implementation features augmented reality features, manages budget allocation limitations, and targets key performance indicators such as enhanced compliance status.",
"Establish an intelligent progressive web app ecosystem serving education technology needs to optimize resource allocation. Through component-based architecture implementation, the platform offers quantum-resistant cryptography, resolves team skill development, and enhances operational efficiency via enhanced user satisfaction.","JavaScript, React, Python, Machine Learning"
"Design a comprehensive automation system for the energy sector sector designed to facilitate global expansion. Leveraging continuous delivery pipeline, this initiative will deliver intuitive user experience while addressing user adoption strategies, ultimately achieving better data accuracy.","Data Analysis, JavaScript, React, Python"
"Institute a scalable real-time dashboard platform serving telecommunications organizations to boost productivity metrics. Utilizing DevOps implementation methodology, this project introduces predictive analytics capabilities while overcoming disaster recovery planning and demonstrating success through higher system availability.","AWS, JavaScript, Python, Data Analysis, React, CI/CD"
"Establish an enterprise-grade reporting system for the pharmaceutical market focused on automate manual processes. Employing continuous delivery pipeline strategy, the implementation features real-time analytics dashboard, manages scalability challenges, and targets key performance indicators such as faster time-to-market.","Data Analysis, JavaScript, React, Python"
"Implement a next-generation software solution framework for the pharmaceutical industry to drive innovation initiatives. Using cloud-native development techniques, the architecture provides augmented reality features, handles change management, and improves business metrics including reduced maintenance overhead.","AWS, Machine Learning, Python, Docker"
"Construct an innovative digital platform targeting agricultural technology clients with the primary goal to increase market competitiveness. Built on API-first methodology principles, the solution incorporates blockchain verification and navigates security vulnerability mitigation to deliver measurable outcomes including faster time-to-market.","JavaScript, Python, React, REST API, Machine Learning"
"Institute an intelligent mobile application ecosystem serving real estate needs to reduce operational costs. Through infrastructure as code implementation, the platform offers natural language processing, resolves legacy system integration, and enhances operational efficiency via reduced operational costs.","AWS, JavaScript, Python, Docker, React, Machine Learning"
"Engineer a comprehensive integration hub for the non-profit sector designed to improve product quality. Leveraging agile development practices, this initiative will deliver seamless third-party integrations while addressing disaster recovery planning, ultimately achieving enhanced compliance status.",Agile
"Institute an enterprise-grade integration hub for the healthcare market focused on facilitate global expansion. Employing infrastructure as code strategy, the implementation features scalable infrastructure, manages quality assurance processes, and targets key performance indicators such as reduced operational costs.","AWS, Docker"
"Establish a comprehensive blockchain network for the media entertainment sector designed to facilitate global expansion. Leveraging continuous delivery pipeline, this initiative will deliver edge computing capabilities while addressing scalability challenges, ultimately achieving increased customer retention.","Machine Learning, Python"
"Construct a next-generation monitoring solution framework for the retail operations industry to automate manual processes. Using data mesh architecture techniques, the architecture provides blockchain verification, handles performance optimization, and improves business metrics including improved security posture.","Data Analysis, Machine Learning, Python"
"Launch a comprehensive IoT ecosystem for the manufacturing sector designed to improve data security measures. Leveraging component-based architecture, this initiative will deliver advanced security protocols while addressing budget allocation limitations, ultimately achieving enhanced data insights.","Data Analysis, Python"
"Institute a robust digital platform infrastructure for retail operations applications to increase market competitiveness. Following containerization strategy best practices, the system includes real-time analytics dashboard, addresses technical debt resolution, and optimizes for outcomes like enhanced data insights.","AWS, JavaScript, Python, Docker, Data Analysis, React"
"Deploy a robust reporting system infrastructure for logistics applications to strengthen compliance protocols. Following serverless computing framework best practices, the system includes mobile-optimized design, addresses technical debt resolution, and optimizes for outcomes like improved team productivity.","AWS, JavaScript, Python, Docker, Data Analysis, React"
"Launch a scalable integration hub platform serving telecommunications organizations to optimize supply chain. Utilizing domain-driven design principles methodology, this project introduces scalable infrastructure while overcoming aggressive timeline constraints and demonstrating success through better data accuracy.","AWS, JavaScript, Python, Docker, Data Analysis, React"
"Roll out a robust data analytics infrastructure for energy sector applications to optimize supply chain. Following cloud-native development best practices, the system includes AI-assisted functionality, addresses integration complexity, and optimizes for outcomes like better data accuracy.","AWS, JavaScript, Python, Docker, Data Analysis, React"
"Construct a robust security framework infrastructure for logistics applications to automate manual processes. Following test-driven development best practices, the system includes advanced security protocols, addresses legacy system integration, and optimizes for outcomes like reduced error rates.","AWS, JavaScript, React, Docker"
"Initiate a comprehensive cloud infrastructure for the pharmaceutical sector designed to enhance customer engagement. Leveraging API-first methodology, this initiative will deliver distributed ledger technology while addressing data migration complexities, ultimately achieving better resource utilization.","AWS, Python, Docker, Data Analysis, REST API"
"Implement a comprehensive integration hub for the energy sector sector designed to improve product quality. Leveraging reactive programming, this initiative will deliver comprehensive reporting suite while addressing vendor management, ultimately achieving improved security posture.","Data Analysis, JavaScript, React, Python"
"Pioneer a scalable microservices architecture platform serving cybersecurity organizations to strengthen data governance. Utilizing reactive programming methodology, this project introduces automated workflow engine while overcoming integration complexity and demonstrating success through reduced maintenance overhead.","AWS, JavaScript, Python, Microservices, Data Analysis, React"
"Deploy a next-generation API framework framework for the travel hospitality industry to strengthen compliance protocols. Using progressive enhancement techniques, the architecture provides distributed ledger technology, handles performance optimization, and improves business metrics including improved security posture.",REST API
"Formulate a next-generation mobile application framework for the gaming industry to strengthen data governance. Using containerization strategy techniques, the architecture provides advanced security protocols, handles budget allocation limitations, and improves business metrics including better resource utilization.","JavaScript, Python, Data Analysis, React, Machine Learning"
"Develop a scalable real-time dashboard platform serving insurance organizations to enable real-time insights. Utilizing serverless computing framework methodology, this project introduces distributed ledger technology while overcoming technology stack modernization and demonstrating success through increased system reliability.","AWS, JavaScript, React, Docker"
"Deploy a comprehensive reporting system for the retail operations sector designed to enhance scalability capabilities. Leveraging functional programming paradigm, this initiative will deliver natural language processing while addressing technical debt resolution, ultimately achieving improved system performance.","Data Analysis, Machine Learning, Python"
"Launch a robust security framework infrastructure for education technology applications to streamline operational workflows. Following event-driven design patterns best practices, the system includes mobile-optimized design, addresses team skill development, and optimizes for outcomes like reduced operational costs.","AWS, JavaScript, React, Docker"
"Roll out a scalable compliance tool platform serving gaming organizations to streamline operational workflows. Utilizing continuous delivery pipeline methodology, this project introduces scalable infrastructure while overcoming documentation standards and demonstrating success through enhanced user satisfaction.","AWS, JavaScript, React, Docker"
"Roll out an enterprise-grade real-time dashboard for the travel hospitality market focused on enhance customer engagement. Employing domain-driven design principles strategy, the implementation features predictive analytics capabilities, manages change management, and targets key performance indicators such as reduced operational costs.","JavaScript, Python, Data Analysis, React, Machine Learning"
"Deploy a comprehensive IoT ecosystem for the travel hospitality sector designed to accelerate decision-making processes. Leveraging functional programming paradigm, this initiative will deliver quantum-resistant cryptography while addressing integration complexity, ultimately achieving better data accuracy.","Data Analysis, Python"
"Launch an innovative cloud infrastructure targeting energy sector clients with the primary goal to improve data security measures. Built on reactive programming principles, the solution incorporates comprehensive reporting suite and navigates budget allocation limitations to deliver measurable outcomes including reduced error rates.","AWS, JavaScript, Python, Docker, Data Analysis, React"
"Roll out a scalable machine learning model platform serving travel hospitality organizations to improve data security measures. Utilizing progressive enhancement methodology, this project introduces federated learning system while overcoming change management and demonstrating success through enhanced compliance status.","AWS, JavaScript, Python, Data Analysis, React, Machine Learning"
"Construct an innovative machine learning model targeting logistics clients with the primary goal to increase market competitiveness. Built on API-first methodology principles, the solution incorporates seamless third-party integrations and navigates scalability challenges to deliver measurable outcomes including increased processing speed.","JavaScript, Python, React, REST API, Machine Learning"
"Implement an innovative compliance tool targeting gaming clients with the primary goal to enhance customer engagement. Built on component-based architecture principles, the solution incorporates responsive user interface and navigates vendor management to deliver measurable outcomes including enhanced user satisfaction.","JavaScript, React"
"Launch a robust API framework infrastructure for financial services applications to optimize resource allocation. Following API-first methodology best practices, the system includes mobile-optimized design, addresses documentation standards, and optimizes for outcomes like improved scalability.","AWS, JavaScript, Docker, React, REST API"
"Develop an innovative compliance tool targeting energy sector clients with the primary goal to increase market competitiveness. Built on domain-driven design principles principles, the solution incorporates scalable infrastructure and navigates quality assurance processes to deliver measurable outcomes including improved system performance.","AWS, JavaScript, Python, Docker, React, Machine Learning"
"Create an intelligent data analytics ecosystem serving travel hospitality needs to improve user experience. Through responsive design system implementation, the platform offers intuitive user experience, resolves change management, and enhances operational efficiency via faster time-to-market.","JavaScript, Python, Data Analysis, React, Machine Learning"
"Pioneer an innovative API framework targeting retail operations clients with the primary goal to optimize supply chain. Built on cloud-native development principles, the solution incorporates seamless third-party integrations and navigates user adoption strategies to deliver measurable outcomes including improved team productivity.","AWS, JavaScript, Python, Docker, React, REST API"
"Deploy a next-generation real-time dashboard framework for the energy sector industry to optimize resource allocation. Using component-based architecture techniques, the architecture provides blockchain verification, handles aggressive timeline constraints, and improves business metrics including improved system performance.","JavaScript, React, Python, Machine Learning"
"Design an enterprise-grade progressive web app for the real estate market focused on improve product quality. Employing event-driven design patterns strategy, the implementation features scalable infrastructure, manages performance optimization, and targets key performance indicators such as improved scalability.","AWS, JavaScript, React, Docker"
"Pioneer an intelligent IoT ecosystem ecosystem serving gaming needs to improve product quality. Through continuous delivery pipeline implementation, the platform offers voice-enabled interactions, resolves integration complexity, and enhances operational efficiency via improved team productivity.","JavaScript, React, Python, Machine Learning"
"Create a comprehensive IoT ecosystem for the pharmaceutical sector designed to enhance scalability capabilities. Leveraging DevOps implementation, this initiative will deliver advanced security protocols while addressing legacy system integration, ultimately achieving increased processing speed.",CI/CD
"Design a next-generation machine learning model framework for the cybersecurity industry to strengthen data governance. Using event-driven design patterns techniques, the architecture provides seamless third-party integrations, handles change management, and improves business metrics including improved team productivity.","Data Analysis, Machine Learning, Python"
"Construct a robust monitoring solution infrastructure for financial services applications to enhance customer engagement. Following responsive design system best practices, the system includes responsive user interface, addresses data privacy concerns, and optimizes for outcomes like better decision support.","AWS, JavaScript, Python, Docker, Data Analysis, React"
"Construct a next-generation machine learning model framework for the telecommunications industry to enhance scalability capabilities. Using responsive design system techniques, the architecture provides advanced security protocols, handles security vulnerability mitigation, and improves business metrics including reduced maintenance overhead.","Machine Learning, Python"
"Construct an intelligent data analytics ecosystem serving government needs to enhance customer engagement. Through zero-trust security model implementation, the platform offers mobile-optimized design, resolves team skill development, and enhances operational efficiency via increased system reliability.","JavaScript, Python, Data Analysis, React, Machine Learning"
"Implement an innovative mobile application targeting travel hospitality clients with the primary goal to facilitate global expansion. Built on machine learning pipelines principles, the solution incorporates real-time analytics dashboard and navigates user adoption strategies to deliver measurable outcomes including reduced maintenance overhead.","JavaScript, Python, Data Analysis, React, Machine Learning"
"Construct a robust blockchain network infrastructure for retail operations applications to improve product quality. Following containerization strategy best practices, the system includes seamless third-party integrations, addresses security vulnerability mitigation, and optimizes for outcomes like increased processing speed.","AWS, JavaScript, Python, Docker, React, Machine Learning"
"Introduce an intelligent real-time dashboard ecosystem serving insurance needs to streamline operational workflows. Through component-based architecture implementation, the platform offers quantum-resistant cryptography, resolves legacy system integration, and enhances operational efficiency via enhanced compliance status.","JavaScript, React, Python, Machine Learning"
"Establish a robust microservices architecture infrastructure for pharmaceutical applications to drive innovation initiatives. Following test-driven development best practices, the system includes scalable infrastructure, addresses disaster recovery planning, and optimizes for outcomes like better resource utilization.","AWS, JavaScript, Microservices, Docker, React"
"Engineer an innovative software solution targeting retail operations clients with the primary goal to improve product quality. Built on zero-trust security model principles, the solution incorporates comprehensive reporting suite and navigates disaster recovery planning to deliver measurable outcomes including reduced operational costs.","JavaScript, Python, Data Analysis, React, Machine Learning"
"Establish a robust API framework infrastructure for e-commerce applications to strengthen compliance protocols. Following reactive programming best practices, the system includes predictive analytics capabilities, addresses scalability challenges, and optimizes for outcomes like reduced error rates.","AWS, JavaScript, Python, Data Analysis, React, REST API"
"Develop an intelligent compliance tool ecosystem serving telecommunications needs to improve product quality. Through component-based architecture implementation, the platform offers intuitive user experience, resolves technology stack modernization, and enhances operational efficiency via increased customer retention.","JavaScript, React, Python, Machine Learning"
"Design an enterprise-grade blockchain network for the logistics market focused on strengthen compliance protocols. Employing responsive design system strategy, the implementation features augmented reality features, manages user adoption strategies, and targets key performance indicators such as reduced operational costs.","Machine Learning, Python"
"Construct a next-generation blockchain network framework for the manufacturing industry to improve data security measures. Using agile development practices techniques, the architecture provides real-time analytics dashboard, handles technical debt resolution, and improves business metrics including better resource utilization.","JavaScript, Python, Data Analysis, React, Agile, Machine Learning"
"Engineer a next-generation mobile application framework for the financial services industry to modernize legacy infrastructure. Using continuous delivery pipeline techniques, the architecture provides distributed ledger technology, handles aggressive timeline constraints, and improves business metrics including enhanced user satisfaction.","AWS, JavaScript, Python, Docker, React, Machine Learning"
"Formulate an innovative API framework targeting e-commerce clients with the primary goal to improve user experience. Built on API-first methodology principles, the solution incorporates comprehensive reporting suite and navigates data migration complexities to deliver measurable outcomes including increased system reliability.","JavaScript, Python, Data Analysis, React, REST API"
"Construct an intelligent integration hub ecosystem serving manufacturing needs to boost productivity metrics. Through test-driven development implementation, the platform offers quantum-resistant cryptography, resolves data privacy concerns, and enhances operational efficiency via faster time-to-market.","JavaScript, Python, Data Analysis, React, Machine Learning"
"Formulate a robust IoT ecosystem infrastructure for gaming applications to enhance customer engagement. Following component-based architecture best practices, the system includes distributed ledger technology, addresses integration complexity, and optimizes for outcomes like increased processing speed.","AWS, JavaScript, React, Docker"
"Pioneer a cutting-edge API framework solution in the retail operations domain aimed at streamline operational workflows. Based on data mesh architecture framework, this endeavor delivers automated workflow engine, mitigates regulatory compliance requirements, and drives business value through faster time-to-market.","JavaScript, Python, Data Analysis, React, REST API, Machine Learning"
"Construct an enterprise-grade digital platform for the real estate market focused on modernize legacy infrastructure. Employing domain-driven design principles strategy, the implementation features seamless third-party integrations, manages technical debt resolution, and targets key performance indicators such as better resource utilization.","AWS, JavaScript, Python, Docker, React, Machine Learning"
"Engineer a scalable enterprise system platform serving pharmaceutical organizations to enhance scalability capabilities. Utilizing responsive design system methodology, this project introduces AI-assisted functionality while overcoming scalability challenges and demonstrating success through increased processing speed.","AWS, JavaScript, Python, Docker, React, Machine Learning"
"Institute an enterprise-grade digital platform for the healthcare market focused on reduce operational costs. Employing progressive enhancement strategy, the implementation features advanced security protocols, manages legacy system integration, and targets key performance indicators such as reduced maintenance overhead.","JavaScript, React, Python, Machine Learning"
"Construct a scalable compliance tool platform serving logistics organizations to strengthen data governance. Utilizing responsive design system methodology, this project introduces AI-assisted functionality while overcoming technology stack modernization and demonstrating success through improved team productivity.","AWS, JavaScript, Python, Docker, Data Analysis, React"
"Formulate a comprehensive API framework for the telecommunications sector designed to improve user experience. Leveraging zero-trust security model, this initiative will deliver quantum-resistant cryptography while addressing technical debt resolution, ultimately achieving improved system performance.",REST API
"Engineer a scalable data analytics platform serving healthcare organizations to improve user experience. Utilizing data mesh architecture methodology, this project introduces augmented reality features while overcoming disaster recovery planning and demonstrating success through increased customer retention.","AWS, JavaScript, Python, Docker, Data Analysis, React"
"Institute a next-generation security framework framework for the manufacturing industry to expand service offerings. Using agile development practices techniques, the architecture provides intuitive user experience, handles vendor management, and improves business metrics including better resource utilization.","JavaScript, React, Agile"
"Formulate a next-generation data analytics framework for the agricultural technology industry to improve data security measures. Using microservices architecture techniques, the architecture provides predictive analytics capabilities, handles vendor management, and improves business metrics including faster time-to-market.","Data Analysis, Python, Microservices, Machine Learning"
"Pioneer a cutting-edge mobile application solution in the media entertainment domain aimed at improve user experience. Based on agile development practices framework, this endeavor delivers voice-enabled interactions, mitigates scalability challenges, and drives business value through better user engagement.","JavaScript, Python, React, Agile, Machine Learning"
"Pioneer an intelligent API framework ecosystem serving cybersecurity needs to strengthen data governance. Through cloud-native development implementation, the platform offers real-time analytics dashboard, resolves vendor management, and enhances operational efficiency via enhanced data insights.","AWS, JavaScript, Python, Data Analysis, React, REST API"
"Engineer a robust data analytics infrastructure for government applications to enhance scalability capabilities. Following test-driven development best practices, the system includes natural language processing, addresses cross-team coordination, and optimizes for outcomes like reduced operational costs.","AWS, JavaScript, Python, Docker, Data Analysis, React"
"Implement a cutting-edge mobile application solution in the pharmaceutical domain aimed at modernize legacy infrastructure. Based on infrastructure as code framework, this endeavor delivers augmented reality features, mitigates security vulnerability mitigation, and drives business value through increased customer retention.","AWS, JavaScript, Python, Docker, React, Machine Learning"
"Construct a comprehensive automation system for the healthcare sector designed to increase market competitiveness. Leveraging API-first methodology, this initiative will deliver automated workflow engine while addressing technical debt resolution, ultimately achieving higher system availability.","REST API, Machine Learning, Python"
"Implement a scalable automation system platform serving travel hospitality organizations to optimize supply chain. Utilizing component-based architecture methodology, this project introduces natural language processing while overcoming team skill development and demonstrating success through increased processing speed.","AWS, JavaScript, Python, Docker, React, Machine Learning"
"Introduce a scalable IoT ecosystem platform serving gaming organizations to improve product quality. Utilizing agile development practices methodology, this project introduces quantum-resistant cryptography while overcoming legacy system integration and demonstrating success through enhanced data insights.","AWS, JavaScript, Python, Data Analysis, React, Agile"
"Develop a scalable machine learning model platform serving manufacturing organizations to improve user experience. Utilizing infrastructure as code methodology, this project introduces quantum-resistant cryptography while overcoming data migration complexities and demonstrating success through enhanced compliance status.","AWS, JavaScript, Python, Data Analysis, React, Machine Learning"
"Initiate a comprehensive software solution for the cybersecurity sector designed to automate manual processes. Leveraging test-driven development, this initiative will deliver quantum-resistant cryptography while addressing cross-team coordination, ultimately achieving improved security posture.",
"Build an enterprise-grade progressive web app for the insurance market focused on reduce operational costs. Employing DevOps implementation strategy, the implementation features voice-enabled interactions, manages performance optimization, and targets key performance indicators such as improved system performance.","React, JavaScript, CI/CD"
"Pioneer an enterprise-grade real-time dashboard for the retail operations market focused on strengthen data governance. Employing API-first methodology strategy, the implementation features blockchain verification, manages data migration complexities, and targets key performance indicators such as improved scalability.","JavaScript, Python, Data Analysis, React, REST API, Machine Learning"
"Formulate a robust API framework infrastructure for cybersecurity applications to reduce operational costs. Following responsive design system best practices, the system includes augmented reality features, addresses performance optimization, and optimizes for outcomes like enhanced user satisfaction.","AWS, JavaScript, Docker, React, REST API"
"Institute an enterprise-grade real-time dashboard for the e-commerce market focused on enhance scalability capabilities. Employing domain-driven design principles strategy, the implementation features advanced security protocols, manages cross-team coordination, and targets key performance indicators such as better resource utilization.","JavaScript, React, Python, Machine Learning"
"Introduce a cutting-edge cloud infrastructure solution in the government domain aimed at enable real-time insights. Based on responsive design system framework, this endeavor delivers responsive user interface, mitigates technology stack modernization, and drives business value through increased system reliability.","AWS, Machine Learning, Python, Docker"
"Institute a robust data analytics infrastructure for telecommunications applications to improve user experience. Following cloud-native development best practices, the system includes seamless third-party integrations, addresses scalability challenges, and optimizes for outcomes like better resource utilization.","AWS, JavaScript, Python, Docker, Data Analysis, React"
"Establish a comprehensive data analytics for the e-commerce sector designed to strengthen data governance. Leveraging continuous delivery pipeline, this initiative will deliver responsive user interface while addressing scalability challenges, ultimately achieving reduced error rates.","Data Analysis, Python"
"Construct a cutting-edge integration hub solution in the pharmaceutical domain aimed at strengthen compliance protocols. Based on data mesh architecture framework, this endeavor delivers federated learning system, mitigates integration complexity, and drives business value through reduced maintenance overhead.","Data Analysis, Machine Learning, Python"
"Establish an enterprise-grade digital platform for the energy sector market focused on enhance scalability capabilities. Employing API-first methodology strategy, the implementation features comprehensive reporting suite, manages scalability challenges, and targets key performance indicators such as reduced error rates.","JavaScript, Python, Data Analysis, React, REST API"
"Create an enterprise-grade data analytics for the logistics market focused on automate manual processes. Employing component-based architecture strategy, the implementation features computer vision integration, manages legacy system integration, and targets key performance indicators such as better decision support.","Data Analysis, Python"
"Create a comprehensive real-time dashboard for the agricultural technology sector designed to enhance scalability capabilities. Leveraging machine learning pipelines, this initiative will deliver federated learning system while addressing quality assurance processes, ultimately achieving better resource utilization.","React, Machine Learning, JavaScript, Python"
"Introduce an intelligent digital platform ecosystem serving agricultural technology needs to improve product quality. Through test-driven development implementation, the platform offers distributed ledger technology, resolves performance optimization, and enhances operational efficiency via increased customer retention.","JavaScript, React, Python, Machine Learning"
"Develop an enterprise-grade data analytics for the retail operations market focused on increase market competitiveness. Employing component-based architecture strategy, the implementation features blockchain verification, manages technology stack modernization, and targets key performance indicators such as faster time-to-market.","Data Analysis, Machine Learning, Python"
"Formulate a next-generation API framework framework for the pharmaceutical industry to reduce operational costs. Using data mesh architecture techniques, the architecture provides intuitive user experience, handles security vulnerability mitigation, and improves business metrics including reduced operational costs.","JavaScript, Python, Data Analysis, React, REST API"
"Pioneer a cutting-edge machine learning model solution in the education technology domain aimed at increase market competitiveness. Based on functional programming paradigm framework, this endeavor delivers automated workflow engine, mitigates legacy system integration, and drives business value through improved scalability.","Machine Learning, Python"
"Initiate a next-generation real-time dashboard framework for the manufacturing industry to strengthen data governance. Using DevOps implementation techniques, the architecture provides responsive user interface, handles quality assurance processes, and improves business metrics including faster time-to-market.","JavaScript, Python, Data Analysis, React, CI/CD"
"Introduce an innovative integration hub targeting manufacturing clients with the primary goal to enhance customer engagement. Built on progressive enhancement principles, the solution incorporates natural language processing and navigates data migration complexities to deliver measurable outcomes including increased processing speed.","Data Analysis, JavaScript, React, Python"
"Establish a scalable API framework platform serving telecommunications organizations to strengthen compliance protocols. Utilizing progressive enhancement methodology, this project introduces edge computing capabilities while overcoming team skill development and demonstrating success through increased processing speed.","AWS, JavaScript, Docker, React, REST API"
"Formulate an innovative digital platform targeting education technology clients with the primary goal to enhance scalability capabilities. Built on test-driven development principles, the solution incorporates predictive analytics capabilities and navigates change management to deliver measurable outcomes including higher system availability.","JavaScript, Python, Data Analysis, React, Machine Learning"
"Construct a comprehensive mobile application for the agricultural technology sector designed to enable real-time insights. Leveraging responsive design system, this initiative will deliver natural language processing while addressing change management, ultimately achieving improved scalability.","JavaScript, React"
"Initiate a comprehensive progressive web app for the telecommunications sector designed to enable real-time insights. Leveraging cloud-native development, this initiative will deliver voice-enabled interactions while addressing regulatory compliance requirements, ultimately achieving better data accuracy.","AWS, JavaScript, Python, Docker, Data Analysis, React"
"Initiate a next-generation API framework framework for the financial services industry to modernize legacy infrastructure. Using reactive programming techniques, the architecture provides federated learning system, handles cross-team coordination, and improves business metrics including reduced maintenance overhead.","AWS, Python, Docker, REST API, Machine Learning"
"Deploy a cutting-edge enterprise system solution in the healthcare domain aimed at optimize supply chain. Based on test-driven development framework, this endeavor delivers voice-enabled interactions, mitigates cross-team coordination, and drives business value through enhanced data insights.","Data Analysis, Machine Learning, Python"
"Develop an innovative digital platform targeting non-profit clients with the primary goal to improve product quality. Built on continuous delivery pipeline principles, the solution incorporates comprehensive reporting suite and navigates security vulnerability mitigation to deliver measurable outcomes including increased automation rate.","Data Analysis, JavaScript, React, Python"
"Implement an enterprise-grade cloud infrastructure for the automotive industry market focused on strengthen compliance protocols. Employing machine learning pipelines strategy, the implementation features real-time analytics dashboard, manages technology stack modernization, and targets key performance indicators such as enhanced compliance status.","AWS, JavaScript, Python, Data Analysis, React, Machine Learning"
"Deploy a robust machine learning model infrastructure for gaming applications to improve data security measures. Following zero-trust security model best practices, the system includes edge computing capabilities, addresses technical debt resolution, and optimizes for outcomes like increased processing speed.","AWS, JavaScript, Python, Data Analysis, React, Machine Learning"
"Formulate an enterprise-grade real-time dashboard for the e-commerce market focused on optimize resource allocation. Employing cloud-native development strategy, the implementation features augmented reality features, manages cross-team coordination, and targets key performance indicators such as improved team productivity.","AWS, JavaScript, React, Docker"
"Pioneer a scalable real-time dashboard platform serving automotive industry organizations to enhance scalability capabilities. Utilizing responsive design system methodology, this project introduces scalable infrastructure while overcoming cross-team coordination and demonstrating success through enhanced data insights.","AWS, JavaScript, Python, Docker, Data Analysis, React"
"Institute an intelligent security framework ecosystem serving healthcare needs to reduce operational costs. Through functional programming paradigm implementation, the platform offers blockchain verification, resolves data migration complexities, and enhances operational efficiency via better user engagement.","JavaScript, Python, Data Analysis, React, Machine Learning"
"Create a scalable API framework platform serving retail operations organizations to facilitate global expansion. Utilizing domain-driven design principles methodology, this project introduces predictive analytics capabilities while overcoming team skill development and demonstrating success through improved system performance.","AWS, JavaScript, Python, Data Analysis, React, REST API"
"Establish a comprehensive data analytics for the pharmaceutical sector designed to streamline operational workflows. Leveraging event-driven design patterns, this initiative will deliver distributed ledger technology while addressing integration complexity, ultimately achieving reduced operational costs.","Data Analysis, Python"
"Pioneer a scalable integration hub platform serving logistics organizations to improve data security measures. Utilizing reactive programming methodology, this project introduces natural language processing while overcoming technology stack modernization and demonstrating success through better decision support.","AWS, JavaScript, Python, Docker, Data Analysis, React"
"Construct a comprehensive microservices architecture for the non-profit sector designed to enhance customer engagement. Leveraging progressive enhancement, this initiative will deliver mobile-optimized design while addressing performance optimization, ultimately achieving higher system availability.","JavaScript, Python, Microservices, React, Machine Learning"
"Construct a comprehensive reporting system for the healthcare sector designed to improve product quality. Leveraging reactive programming, this initiative will deliver intuitive user experience while addressing team skill development, ultimately achieving enhanced data insights.","Data Analysis, JavaScript, React, Python"
"Construct a comprehensive reporting system for the automotive industry sector designed to optimize resource allocation. Leveraging functional programming paradigm, this initiative will deliver federated learning system while addressing user adoption strategies, ultimately achieving reduced maintenance overhead.","Data Analysis, Machine Learning, Python"
"Develop a scalable compliance tool platform serving media entertainment organizations to improve user experience. Utilizing continuous delivery pipeline methodology, this project introduces seamless third-party integrations while overcoming data migration complexities and demonstrating success through increased processing speed.","AWS, JavaScript, Python, Docker, Data Analysis, React"
"Formulate a cutting-edge data analytics solution in the healthcare domain aimed at strengthen data governance. Based on test-driven development framework, this endeavor delivers scalable infrastructure, mitigates legacy system integration, and drives business value through enhanced user satisfaction.","AWS, Python, Docker, Data Analysis, Machine Learning"
"Construct a next-generation cloud infrastructure framework for the healthcare industry to increase market competitiveness. Using DevOps implementation techniques, the architecture provides federated learning system, handles documentation standards, and improves business metrics including faster time-to-market.","AWS, CI/CD, Docker"
"Initiate an enterprise-grade automation system for the non-profit market focused on enable real-time insights. Employing containerization strategy strategy, the implementation features computer vision integration, manages legacy system integration, and targets key performance indicators such as increased automation rate.","Machine Learning, Python"
"Construct an enterprise-grade mobile application for the retail operations market focused on improve product quality. Employing responsive design system strategy, the implementation features natural language processing, manages performance optimization, and targets key performance indicators such as enhanced data insights.","JavaScript, Python, Data Analysis, React, Machine Learning"
"Construct a cutting-edge real-time dashboard solution in the non-profit domain aimed at automate manual processes. Based on cloud-native development framework, this endeavor delivers real-time analytics dashboard, mitigates technology stack modernization, and drives business value through better user engagement.","AWS, JavaScript, Python, Docker, Data Analysis, React"
"Engineer a scalable progressive web app platform serving travel hospitality organizations to increase market competitiveness. Utilizing machine learning pipelines methodology, this project introduces edge computing capabilities while overcoming security vulnerability mitigation and demonstrating success through enhanced user satisfaction.","AWS, JavaScript, Python, Docker, React, Machine Learning"
"Create a robust mobile application infrastructure for non-profit applications to modernize legacy infrastructure. Following responsive design system best practices, the system includes intuitive user experience, addresses disaster recovery planning, and optimizes for outcomes like enhanced data insights.","AWS, JavaScript, Python, Docker, Data Analysis, React"
"Initiate a comprehensive microservices architecture for the energy sector sector designed to automate manual processes. Leveraging data mesh architecture, this initiative will deliver AI-assisted functionality while addressing legacy system integration, ultimately achieving better data accuracy.","Data Analysis, Python, Microservices, Machine Learning"
"Construct a robust monitoring solution infrastructure for e-commerce applications to optimize resource allocation. Following functional programming paradigm best practices, the system includes real-time analytics dashboard, addresses technology stack modernization, and optimizes for outcomes like increased processing speed.","AWS, JavaScript, Python, Docker, Data Analysis, React"
"Create a cutting-edge automation system solution in the travel hospitality domain aimed at increase market competitiveness. Based on progressive enhancement framework, this endeavor delivers real-time analytics dashboard, mitigates technical debt resolution, and drives business value through improved system performance.","JavaScript, Python, Data Analysis, React, Machine Learning"
"Construct a comprehensive security framework for the travel hospitality sector designed to enhance customer engagement. Leveraging continuous delivery pipeline, this initiative will deliver computer vision integration while addressing disaster recovery planning, ultimately achieving improved security posture.",
"Construct a scalable AI-powered tool platform serving gaming organizations to strengthen data governance. Utilizing machine learning pipelines methodology, this project introduces scalable infrastructure while overcoming performance optimization and demonstrating success through increased system reliability.","AWS, JavaScript, Python, Data Analysis, React, Machine Learning"
"Develop a comprehensive monitoring solution for the cybersecurity sector designed to modernize legacy infrastructure. Leveraging functional programming paradigm, this initiative will deliver natural language processing while addressing legacy system integration, ultimately achieving increased automation rate.","AWS, Docker"
"Introduce a cutting-edge automation system solution in the pharmaceutical domain aimed at facilitate global expansion. Based on reactive programming framework, this endeavor delivers automated workflow engine, mitigates technical debt resolution, and drives business value through enhanced user satisfaction.","Machine Learning, Python"
"Establish an enterprise-grade microservices architecture for the e-commerce market focused on improve product quality. Employing microservices architecture strategy, the implementation features comprehensive reporting suite, manages scalability challenges, and targets key performance indicators such as reduced operational costs.","JavaScript, Python, Microservices, Data Analysis, React"
"Pioneer a next-generation real-time dashboard framework for the financial services industry to improve product quality. Using test-driven development techniques, the architecture provides mobile-optimized design, handles technical debt resolution, and improves business metrics including increased processing speed.","JavaScript, React"
"Institute an intelligent cloud infrastructure ecosystem serving automotive industry needs to improve product quality. Through event-driven design patterns implementation, the platform offers seamless third-party integrations, resolves regulatory compliance requirements, and enhances operational efficiency via enhanced user satisfaction.","AWS, JavaScript, Python, Docker, React, Machine Learning"
"Deploy a cutting-edge integration hub solution in the agricultural technology domain aimed at optimize resource allocation. Based on event-driven design patterns framework, this endeavor delivers automated workflow engine, mitigates quality assurance processes, and drives business value through enhanced user satisfaction.","Machine Learning, Python"
"Institute a comprehensive progressive web app for the automotive industry sector designed to enable real-time insights. Leveraging data mesh architecture, this initiative will deliver federated learning system while addressing data migration complexities, ultimately achieving enhanced compliance status.","Data Analysis, JavaScript, React, Python"
"Develop a cutting-edge integration hub solution in the e-commerce domain aimed at improve product quality. Based on agile development practices framework, this endeavor delivers quantum-resistant cryptography, mitigates cross-team coordination, and drives business value through enhanced data insights.","Data Analysis, Machine Learning, Python, Agile"
"Implement a cutting-edge software solution solution in the logistics domain aimed at strengthen compliance protocols. Based on machine learning pipelines framework, this endeavor delivers augmented reality features, mitigates change management, and drives business value through improved scalability.","Machine Learning, Python"
"Initiate an enterprise-grade machine learning model for the travel hospitality market focused on streamline operational workflows. Employing reactive programming strategy, the implementation features quantum-resistant cryptography, manages cross-team coordination, and targets key performance indicators such as enhanced user satisfaction.","Machine Learning, Python"
"Establish a robust AI-powered tool infrastructure for e-commerce applications to boost productivity metrics. Following agile development practices best practices, the system includes computer vision integration, addresses technology stack modernization, and optimizes for outcomes like better user engagement.","AWS, JavaScript, Python, Docker, React, Agile"
"Launch an enterprise-grade cloud infrastructure for the automotive industry market focused on enhance customer engagement. Employing component-based architecture strategy, the implementation features comprehensive reporting suite, manages legacy system integration, and targets key performance indicators such as faster time-to-market.","AWS, JavaScript, Python, Docker, Data Analysis, React"
"Establish a comprehensive progressive web app for the telecommunications sector designed to streamline operational workflows. Leveraging infrastructure as code, this initiative will deliver real-time analytics dashboard while addressing performance optimization, ultimately achieving improved scalability.","AWS, JavaScript, Python, Docker, Data Analysis, React"
"Implement a scalable digital platform platform serving energy sector organizations to increase market competitiveness. Utilizing domain-driven design principles methodology, this project introduces scalable infrastructure while overcoming technical debt resolution and demonstrating success through increased customer retention.","AWS, JavaScript, Python, Docker, React, Machine Learning"
"Launch an enterprise-grade IoT ecosystem for the manufacturing market focused on streamline operational workflows. Employing API-first methodology strategy, the implementation features voice-enabled interactions, manages data migration complexities, and targets key performance indicators such as enhanced compliance status.","Data Analysis, REST API, Python"
"Build a robust cloud infrastructure infrastructure for logistics applications to improve data security measures. Following agile development practices best practices, the system includes intuitive user experience, addresses quality assurance processes, and optimizes for outcomes like reduced maintenance overhead.","AWS, JavaScript, Python, Data Analysis, React, Agile"
"Design a next-generation microservices architecture framework for the education technology industry to enhance customer engagement. Using continuous delivery pipeline techniques, the architecture provides advanced security protocols, handles change management, and improves business metrics including increased system reliability.",Microservices
"Introduce a next-generation API framework framework for the pharmaceutical industry to drive innovation initiatives. Using progressive enhancement techniques, the architecture provides scalable infrastructure, handles user adoption strategies, and improves business metrics including improved scalability.","AWS, REST API, Docker"
"Establish an intelligent blockchain network ecosystem serving energy sector needs to automate manual processes. Through DevOps implementation implementation, the platform offers voice-enabled interactions, resolves budget allocation limitations, and enhances operational efficiency via better resource utilization.","JavaScript, Python, React, CI/CD, Machine Learning"
"Design a comprehensive enterprise system for the retail operations sector designed to automate manual processes. Leveraging reactive programming, this initiative will deliver blockchain verification while addressing technical debt resolution, ultimately achieving increased system reliability.","Machine Learning, Python"
"Formulate a scalable real-time dashboard platform serving travel hospitality organizations to enhance scalability capabilities. Utilizing test-driven development methodology, this project introduces mobile-optimized design while overcoming data privacy concerns and demonstrating success through improved system performance.","AWS, JavaScript, Python, Docker, Data Analysis, React"
"Introduce an innovative compliance tool targeting non-profit clients with the primary goal to optimize resource allocation. Built on continuous delivery pipeline principles, the solution incorporates comprehensive reporting suite and navigates data migration complexities to deliver measurable outcomes including increased processing speed.","Data Analysis, JavaScript, React, Python"
"Engineer a comprehensive machine learning model for the insurance sector designed to increase market competitiveness. Leveraging data mesh architecture, this initiative will deliver advanced security protocols while addressing quality assurance processes, ultimately achieving increased customer retention.","Data Analysis, Machine Learning, Python"
"Pioneer an enterprise-grade compliance tool for the logistics market focused on improve user experience. Employing DevOps implementation strategy, the implementation features comprehensive reporting suite, manages budget allocation limitations, and targets key performance indicators such as improved team productivity.","JavaScript, Python, Data Analysis, React, CI/CD"
"Initiate a comprehensive AI-powered tool for the agricultural technology sector designed to enable real-time insights. Leveraging agile development practices, this initiative will deliver natural language processing while addressing technology stack modernization, ultimately achieving reduced error rates.","Machine Learning, Python, Agile"
"Roll out a robust microservices architecture infrastructure for education technology applications to enable real-time insights. Following responsive design system best practices, the system includes voice-enabled interactions, addresses quality assurance processes, and optimizes for outcomes like better resource utilization.","AWS, JavaScript, Microservices, Docker, React"
"Construct a next-generation progressive web app framework for the energy sector industry to improve user experience. Using containerization strategy techniques, the architecture provides distributed ledger technology, handles data privacy concerns, and improves business metrics including improved security posture.","JavaScript, Python, Data Analysis, React, Machine Learning"
"Create an enterprise-grade monitoring solution for the telecommunications market focused on enhance customer engagement. Employing data mesh architecture strategy, the implementation features computer vision integration, manages legacy system integration, and targets key performance indicators such as higher system availability.","Data Analysis, Machine Learning, Python"
"Introduce a robust enterprise system infrastructure for automotive industry applications to enhance customer engagement. Following infrastructure as code best practices, the system includes edge computing capabilities, addresses legacy system integration, and optimizes for outcomes like higher system availability.","AWS, JavaScript, Python, Docker, React, Machine Learning"
"Construct a cutting-edge real-time dashboard solution in the pharmaceutical domain aimed at optimize resource allocation. Based on zero-trust security model framework, this endeavor delivers intuitive user experience, mitigates cross-team coordination, and drives business value through improved security posture.","JavaScript, React, Python, Machine Learning"
"Engineer an enterprise-grade AI-powered tool for the financial services market focused on improve data security measures. Employing progressive enhancement strategy, the implementation features seamless third-party integrations, manages data privacy concerns, and targets key performance indicators such as better user engagement.","Data Analysis, Machine Learning, Python"
"Build an intelligent machine learning model ecosystem serving automotive industry needs to facilitate global expansion. Through domain-driven design principles implementation, the platform offers voice-enabled interactions, resolves disaster recovery planning, and enhances operational efficiency via higher system availability.","React, Machine Learning, JavaScript, Python"
"Create an innovative progressive web app targeting healthcare clients with the primary goal to expand service offerings. Built on serverless computing framework principles, the solution incorporates mobile-optimized design and navigates quality assurance processes to deliver measurable outcomes including better resource utilization.","JavaScript, React"
"Build an enterprise-grade cloud infrastructure for the government market focused on boost productivity metrics. Employing responsive design system strategy, the implementation features natural language processing, manages aggressive timeline constraints, and targets key performance indicators such as increased customer retention.","AWS, JavaScript, Python, Docker, React, Machine Learning"
"Initiate a scalable progressive web app platform serving energy sector organizations to improve user experience. Utilizing cloud-native development methodology, this project introduces real-time analytics dashboard while overcoming vendor management and demonstrating success through increased processing speed.","AWS, JavaScript, Python, Docker, Data Analysis, React"
"Construct a comprehensive blockchain network for the automotive industry sector designed to improve data security measures. Leveraging component-based architecture, this initiative will deliver mobile-optimized design while addressing aggressive timeline constraints, ultimately achieving higher system availability.","JavaScript, Python, Data Analysis, React, Machine Learning"
"Build a comprehensive digital platform for the insurance sector designed to improve data security measures. Leveraging progressive enhancement, this initiative will deliver blockchain verification while addressing aggressive timeline constraints, ultimately achieving improved security posture.","JavaScript, Python, Data Analysis, React, Machine Learning"
"Construct an enterprise-grade machine learning model for the automotive industry market focused on enhance customer engagement. Employing data mesh architecture strategy, the implementation features real-time analytics dashboard, manages regulatory compliance requirements, and targets key performance indicators such as reduced maintenance overhead.","JavaScript, Python, Data Analysis, React, Machine Learning"
"Formulate a scalable digital platform platform serving financial services organizations to boost productivity metrics. Utilizing agile development practices methodology, this project introduces seamless third-party integrations while overcoming technical debt resolution and demonstrating success through increased processing speed.","AWS, JavaScript, Docker, React, Agile"
"Initiate an innovative monitoring solution targeting energy sector clients with the primary goal to strengthen data governance. Built on agile development practices principles, the solution incorporates distributed ledger technology and navigates data privacy concerns to deliver measurable outcomes including increased automation rate.","JavaScript, Python, Data Analysis, React, Agile"
"Construct a cutting-edge microservices architecture solution in the financial services domain aimed at improve user experience. Based on agile development practices framework, this endeavor delivers natural language processing, mitigates technical debt resolution, and drives business value through reduced operational costs.","Machine Learning, Python, Microservices, Agile"
"Deploy an innovative integration hub targeting pharmaceutical clients with the primary goal to accelerate decision-making processes. Built on functional programming paradigm principles, the solution incorporates quantum-resistant cryptography and navigates aggressive timeline constraints to deliver measurable outcomes including increased customer retention.","JavaScript, React, Python, Machine Learning"
"Pioneer an enterprise-grade enterprise system for the media entertainment market focused on streamline operational workflows. Employing data mesh architecture strategy, the implementation features quantum-resistant cryptography, manages technology stack modernization, and targets key performance indicators such as reduced maintenance overhead.","Data Analysis, Machine Learning, Python"
"Construct a next-generation real-time dashboard framework for the education technology industry to strengthen data governance. Using containerization strategy techniques, the architecture provides automated workflow engine, handles cross-team coordination, and improves business metrics including improved scalability.","JavaScript, Python, Data Analysis, React, Machine Learning"
"Institute a cutting-edge microservices architecture solution in the logistics domain aimed at modernize legacy infrastructure. Based on test-driven development framework, this endeavor delivers automated workflow engine, mitigates change management, and drives business value through increased automation rate.","AWS, Python, Microservices, Docker, Machine Learning"
"Construct a scalable software solution platform serving education technology organizations to expand service offerings. Utilizing data mesh architecture methodology, this project introduces voice-enabled interactions while overcoming change management and demonstrating success through enhanced compliance status.","AWS, JavaScript, Python, Docker, Data Analysis, React"
"Implement an enterprise-grade mobile application for the energy sector market focused on improve data security measures. Employing containerization strategy strategy, the implementation features scalable infrastructure, manages documentation standards, and targets key performance indicators such as reduced error rates.","AWS, JavaScript, Python, Docker, Data Analysis, React"
"Establish a next-generation blockchain network framework for the agricultural technology industry to reduce operational costs. Using data mesh architecture techniques, the architecture provides comprehensive reporting suite, handles security vulnerability mitigation, and improves business metrics including better resource utilization.","JavaScript, Python, Data Analysis, React, Machine Learning"
"Construct an intelligent progressive web app ecosystem serving telecommunications needs to enhance scalability capabilities. Through progressive enhancement implementation, the platform offers augmented reality features, resolves change management, and enhances operational efficiency via better user engagement.","JavaScript, React, Python, Machine Learning"
"Deploy a next-generation integration hub framework for the non-profit industry to improve data security measures. Using functional programming paradigm techniques, the architecture provides scalable infrastructure, handles vendor management, and improves business metrics including reduced maintenance overhead.","AWS, Python, Docker, Data Analysis, Machine Learning"
"Initiate a robust mobile application infrastructure for pharmaceutical applications to increase market competitiveness. Following API-first methodology best practices, the system includes intuitive user experience, addresses legacy system integration, and optimizes for outcomes like improved system performance.","AWS, JavaScript, Docker, React, REST API"
"Deploy a scalable reporting system platform serving e-commerce organizations to enable real-time insights. Utilizing cloud-native development methodology, this project introduces responsive user interface while overcoming data privacy concerns and demonstrating success through increased system reliability.","AWS, JavaScript, Python, Docker, Data Analysis, React"
"Implement a comprehensive progressive web app for the agricultural technology sector designed to expand service offerings. Leveraging DevOps implementation, this initiative will deliver computer vision integration while addressing regulatory compliance requirements, ultimately achieving improved scalability.","React, JavaScript, CI/CD"
"Construct an intelligent integration hub ecosystem serving gaming needs to reduce operational costs. Through microservices architecture implementation, the platform offers responsive user interface, resolves performance optimization, and enhances operational efficiency via reduced maintenance overhead.","JavaScript, Python, Microservices, React, Machine Learning"
"Formulate an intelligent IoT ecosystem ecosystem serving retail operations needs to drive innovation initiatives. Through functional programming paradigm implementation, the platform offers voice-enabled interactions, resolves documentation standards, and enhances operational efficiency via better resource utilization.","JavaScript, React, Python, Machine Learning"
"Establish an innovative progressive web app targeting retail operations clients with the primary goal to streamline operational workflows. Built on serverless computing framework principles, the solution incorporates computer vision integration and navigates legacy system integration to deliver measurable outcomes including increased processing speed.","JavaScript, React, Python, Machine Learning"
"Launch an innovative data analytics targeting travel hospitality clients with the primary goal to reduce operational costs. Built on API-first methodology principles, the solution incorporates intuitive user experience and navigates team skill development to deliver measurable outcomes including higher system availability.","JavaScript, Python, Data Analysis, React, REST API, Machine Learning"
"Establish a cutting-edge IoT ecosystem solution in the agricultural technology domain aimed at automate manual processes. Based on data mesh architecture framework, this endeavor delivers responsive user interface, mitigates aggressive timeline constraints, and drives business value through reduced operational costs.","Data Analysis, Machine Learning, Python"
"Construct a comprehensive security framework for the pharmaceutical sector designed to accelerate decision-making processes. Leveraging microservices architecture, this initiative will deliver automated workflow engine while addressing vendor management, ultimately achieving improved system performance.",Microservices
"Pioneer an enterprise-grade microservices architecture for the cybersecurity market focused on enable real-time insights. Employing test-driven development strategy, the implementation features blockchain verification, manages user adoption strategies, and targets key performance indicators such as enhanced compliance status.","Python, Microservices, Machine Learning"
"Create a cutting-edge digital platform solution in the automotive industry domain aimed at improve user experience. Based on API-first methodology framework, this endeavor delivers real-time analytics dashboard, mitigates disaster recovery planning, and drives business value through increased processing speed.","JavaScript, Python, Data Analysis, React, REST API, Machine Learning"
"Establish an enterprise-grade digital platform for the media entertainment market focused on streamline operational workflows. Employing infrastructure as code strategy, the implementation features automated workflow engine, manages user adoption strategies, and targets key performance indicators such as better decision support.","AWS, JavaScript, Python, Docker, React, Machine Learning"
"Create a comprehensive progressive web app for the retail operations sector designed to strengthen data governance. Leveraging agile development practices, this initiative will deliver advanced security protocols while addressing change management, ultimately achieving increased system reliability.","JavaScript, Python, Data Analysis, React, Agile, Machine Learning"
"Institute an innovative cloud infrastructure targeting pharmaceutical clients with the primary goal to optimize supply chain. Built on DevOps implementation principles, the solution incorporates comprehensive reporting suite and navigates budget allocation limitations to deliver measurable outcomes including higher system availability.","AWS, JavaScript, Python, Data Analysis, React, CI/CD"
"Construct a robust IoT ecosystem infrastructure for pharmaceutical applications to accelerate decision-making processes. Following API-first methodology best practices, the system includes distributed ledger technology, addresses team skill development, and optimizes for outcomes like reduced operational costs.","AWS, JavaScript, Docker, React, REST API"
"Construct an innovative real-time dashboard targeting education technology clients with the primary goal to expand service offerings. Built on continuous delivery pipeline principles, the solution incorporates responsive user interface and navigates security vulnerability mitigation to deliver measurable outcomes including reduced operational costs.","JavaScript, React"
"Initiate an enterprise-grade progressive web app for the gaming market focused on streamline operational workflows. Employing domain-driven design principles strategy, the implementation features automated workflow engine, manages documentation standards, and targets key performance indicators such as reduced error rates.","JavaScript, React, Python, Machine Learning"
"Create an enterprise-grade progressive web app for the financial services market focused on optimize supply chain. Employing progressive enhancement strategy, the implementation features AI-assisted functionality, manages cross-team coordination, and targets key performance indicators such as better resource utilization.","JavaScript, React, Python, Machine Learning"
"Initiate a next-generation machine learning model framework for the government industry to accelerate decision-making processes. Using continuous delivery pipeline techniques, the architecture provides quantum-resistant cryptography, handles team skill development, and improves business metrics including improved security posture.","Machine Learning, Python"
"Construct an intelligent software solution ecosystem serving telecommunications needs to enhance scalability capabilities. Through zero-trust security model implementation, the platform offers predictive analytics capabilities, resolves aggressive timeline constraints, and enhances operational efficiency via improved system performance.","JavaScript, Python, Data Analysis, React, Machine Learning"
"Introduce a robust machine learning model infrastructure for retail operations applications to increase market competitiveness. Following functional programming paradigm best practices, the system includes voice-enabled interactions, addresses data migration complexities, and optimizes for outcomes like better data accuracy.","AWS, JavaScript, Python, Data Analysis, React, Machine Learning"
"Design a comprehensive automation system for the pharmaceutical sector designed to strengthen compliance protocols. Leveraging API-first methodology, this initiative will deliver intuitive user experience while addressing budget allocation limitations, ultimately achieving improved security posture.","REST API, JavaScript, React"
"Launch a robust software solution infrastructure for manufacturing applications to facilitate global expansion. Following component-based architecture best practices, the system includes scalable infrastructure, addresses regulatory compliance requirements, and optimizes for outcomes like increased processing speed.","AWS, JavaScript, React, Docker"
"Construct a next-generation progressive web app framework for the pharmaceutical industry to strengthen compliance protocols. Using data mesh architecture techniques, the architecture provides scalable infrastructure, handles data privacy concerns, and improves business metrics including reduced operational costs.","AWS, JavaScript, Python, Docker, Data Analysis, React"
"Create a next-generation cloud infrastructure framework for the e-commerce industry to accelerate decision-making processes. Using component-based architecture techniques, the architecture provides edge computing capabilities, handles technical debt resolution, and improves business metrics including improved system performance.","AWS, Docker"
"Formulate a scalable machine learning model platform serving gaming organizations to improve data security measures. Utilizing event-driven design patterns methodology, this project introduces AI-assisted functionality while overcoming performance optimization and demonstrating success through reduced error rates.","AWS, JavaScript, Python, Data Analysis, React, Machine Learning"
"Introduce a scalable reporting system platform serving non-profit organizations to accelerate decision-making processes. Utilizing agile development practices methodology, this project introduces responsive user interface while overcoming aggressive timeline constraints and demonstrating success through better user engagement.","AWS, JavaScript, Python, Data Analysis, React, Agile"
"Establish a cutting-edge data analytics solution in the e-commerce domain aimed at optimize supply chain. Based on continuous delivery pipeline framework, this endeavor delivers automated workflow engine, mitigates performance optimization, and drives business value through increased processing speed.","Data Analysis, Machine Learning, Python"
"Deploy a next-generation software solution framework for the government industry to strengthen compliance protocols. Using functional programming paradigm techniques, the architecture provides natural language processing, handles cross-team coordination, and improves business metrics including increased system reliability.",
"Implement an enterprise-grade blockchain network for the healthcare market focused on increase market competitiveness. Employing API-first methodology strategy, the implementation features predictive analytics capabilities, manages budget allocation limitations, and targets key performance indicators such as better data accuracy.","Data Analysis, REST API, Machine Learning, Python"
"Engineer a scalable progressive web app platform serving telecommunications organizations to improve user experience. Utilizing progressive enhancement methodology, this project introduces seamless third-party integrations while overcoming vendor management and demonstrating success through increased automation rate.","AWS, JavaScript, React, Docker"
"Formulate an innovative mobile application targeting media entertainment clients with the primary goal to enable real-time insights. Built on zero-trust security model principles, the solution incorporates real-time analytics dashboard and navigates disaster recovery planning to deliver measurable outcomes including faster time-to-market.","JavaScript, Python, Data Analysis, React, Machine Learning"
"Initiate a comprehensive enterprise system for the travel hospitality sector designed to boost productivity metrics. Leveraging continuous delivery pipeline, this initiative will deliver advanced security protocols while addressing technical debt resolution, ultimately achieving increased customer retention.",
"Introduce a cutting-edge machine learning model solution in the gaming domain aimed at enhance scalability capabilities. Based on event-driven design patterns framework, this endeavor delivers edge computing capabilities, mitigates integration complexity, and drives business value through increased system reliability.","Machine Learning, Python"
"Construct a scalable data analytics platform serving travel hospitality organizations to optimize supply chain. Utilizing functional programming paradigm methodology, this project introduces federated learning system while overcoming data privacy concerns and demonstrating success through improved team productivity.","AWS, JavaScript, Python, Docker, Data Analysis, React"
"Engineer a next-generation software solution framework for the travel hospitality industry to expand service offerings. Using data mesh architecture techniques, the architecture provides augmented reality features, handles technology stack modernization, and improves business metrics including higher system availability.","Data Analysis, Machine Learning, Python"
"Introduce an innovative blockchain network targeting retail operations clients with the primary goal to optimize resource allocation. Built on domain-driven design principles principles, the solution incorporates augmented reality features and navigates user adoption strategies to deliver measurable outcomes including reduced operational costs.","JavaScript, React, Python, Machine Learning"
"Deploy a next-generation monitoring solution framework for the pharmaceutical industry to streamline operational workflows. Using responsive design system techniques, the architecture provides edge computing capabilities, handles cross-team coordination, and improves business metrics including improved team productivity.",
"Develop a next-generation real-time dashboard framework for the non-profit industry to facilitate global expansion. Using DevOps implementation techniques, the architecture provides edge computing capabilities, handles disaster recovery planning, and improves business metrics including enhanced user satisfaction.","React, JavaScript, CI/CD"
"Design a robust compliance tool infrastructure for travel hospitality applications to enhance customer engagement. Following responsive design system best practices, the system includes computer vision integration, addresses data privacy concerns, and optimizes for outcomes like higher system availability.","AWS, JavaScript, Python, Docker, Data Analysis, React"
"Deploy an enterprise-grade security framework for the retail operations market focused on modernize legacy infrastructure. Employing agile development practices strategy, the implementation features real-time analytics dashboard, manages documentation standards, and targets key performance indicators such as reduced maintenance overhead.","AWS, JavaScript, Python, Data Analysis, React, Agile"
"Roll out a comprehensive digital platform for the cybersecurity sector designed to automate manual processes. Leveraging test-driven development, this initiative will deliver predictive analytics capabilities while addressing integration complexity, ultimately achieving increased processing speed.","JavaScript, Python, Data Analysis, React, Machine Learning"
"Formulate an innovative security framework targeting energy sector clients with the primary goal to optimize resource allocation. Built on reactive programming principles, the solution incorporates edge computing capabilities and navigates cross-team coordination to deliver measurable outcomes including increased automation rate.","JavaScript, React"
"Construct an innovative API framework targeting retail operations clients with the primary goal to facilitate global expansion. Built on responsive design system principles, the solution incorporates scalable infrastructure and navigates quality assurance processes to deliver measurable outcomes including increased customer retention.","AWS, JavaScript, Python, Docker, React, REST API"
"Develop an intelligent API framework ecosystem serving energy sector needs to accelerate decision-making processes. Through agile development practices implementation, the platform offers predictive analytics capabilities, resolves regulatory compliance requirements, and enhances operational efficiency via better data accuracy.","JavaScript, Python, Data Analysis, React, REST API, Agile"
"Engineer an intelligent cloud infrastructure ecosystem serving agricultural technology needs to enhance scalability capabilities. Through functional programming paradigm implementation, the platform offers computer vision integration, resolves cross-team coordination, and enhances operational efficiency via enhanced compliance status.","AWS, JavaScript, Python, Docker, React, Machine Learning"
"Design an intelligent mobile application ecosystem serving travel hospitality needs to drive innovation initiatives. Through microservices architecture implementation, the platform offers comprehensive reporting suite, resolves regulatory compliance requirements, and enhances operational efficiency via enhanced compliance status.","JavaScript, Python, Microservices, Data Analysis, React, Machine Learning"
"Pioneer an enterprise-grade enterprise system for the agricultural technology market focused on expand service offerings. Employing data mesh architecture strategy, the implementation features advanced security protocols, manages change management, and targets key performance indicators such as higher system availability.","Data Analysis, Machine Learning, Python"
"Pioneer an enterprise-grade cloud infrastructure for the government market focused on strengthen data governance. Employing serverless computing framework strategy, the implementation features intuitive user experience, manages documentation standards, and targets key performance indicators such as better data accuracy.","AWS, JavaScript, Python, Docker, Data Analysis, React"
"Formulate a cutting-edge digital platform solution in the cybersecurity domain aimed at increase market competitiveness. Based on containerization strategy framework, this endeavor delivers automated workflow engine, mitigates data privacy concerns, and drives business value through increased automation rate.","JavaScript, Python, Data Analysis, React, Machine Learning"
"Implement a cutting-edge compliance tool solution in the agricultural technology domain aimed at enhance customer engagement. Based on domain-driven design principles framework, this endeavor delivers responsive user interface, mitigates vendor management, and drives business value through improved scalability.","Machine Learning, Python"
"Implement an innovative digital platform targeting healthcare clients with the primary goal to boost productivity metrics. Built on agile development practices principles, the solution incorporates predictive analytics capabilities and navigates team skill development to deliver measurable outcomes including increased customer retention.","JavaScript, Python, Data Analysis, React, Agile, Machine Learning"
"Create a robust cloud infrastructure infrastructure for financial services applications to optimize supply chain. Following API-first methodology best practices, the system includes AI-assisted functionality, addresses integration complexity, and optimizes for outcomes like improved scalability.","AWS, JavaScript, Python, Docker, React, REST API"
"Design an innovative integration hub targeting manufacturing clients with the primary goal to enhance customer engagement. Built on machine learning pipelines principles, the solution incorporates intuitive user experience and navigates budget allocation limitations to deliver measurable outcomes including better decision support.","React, Machine Learning, JavaScript, Python"
"Construct a robust mobile application infrastructure for healthcare applications to improve data security measures. Following agile development practices best practices, the system includes augmented reality features, addresses quality assurance processes, and optimizes for outcomes like increased customer retention.","AWS, JavaScript, Python, Data Analysis, React, Agile"
"Formulate a cutting-edge compliance tool solution in the government domain aimed at streamline operational workflows. Based on serverless computing framework framework, this endeavor delivers federated learning system, mitigates vendor management, and drives business value through better data accuracy.","Data Analysis, Machine Learning, Python"
"Construct an intelligent compliance tool ecosystem serving e-commerce needs to reduce operational costs. Through progressive enhancement implementation, the platform offers edge computing capabilities, resolves data privacy concerns, and enhances operational efficiency via reduced error rates.","JavaScript, Python, Data Analysis, React, Machine Learning"
"Establish a cutting-edge reporting system solution in the financial services domain aimed at drive innovation initiatives. Based on progressive enhancement framework, this endeavor delivers edge computing capabilities, mitigates change management, and drives business value through increased customer retention.","Data Analysis, Machine Learning, Python"
"Construct a scalable software solution platform serving non-profit organizations to expand service offerings. Utilizing domain-driven design principles methodology, this project introduces automated workflow engine while overcoming cross-team coordination and demonstrating success through increased customer retention.","AWS, JavaScript, Python, Docker, React, Machine Learning"
"Roll out an intelligent integration hub ecosystem serving travel hospitality needs to boost productivity metrics. Through containerization strategy implementation, the platform offers distributed ledger technology, resolves vendor management, and enhances operational efficiency via better data accuracy.","JavaScript, Python, Data Analysis, React, Machine Learning"
"Construct an intelligent IoT ecosystem ecosystem serving telecommunications needs to modernize legacy infrastructure. Through microservices architecture implementation, the platform offers distributed ledger technology, resolves documentation standards, and enhances operational efficiency via increased processing speed.","AWS, JavaScript, Microservices, Docker, Python, React"
"Initiate an intelligent IoT ecosystem ecosystem serving energy sector needs to improve product quality. Through zero-trust security model implementation, the platform offers advanced security protocols, resolves technology stack modernization, and enhances operational efficiency via faster time-to-market.","JavaScript, React, Python, Machine Learning"
"Launch a cutting-edge data analytics solution in the energy sector domain aimed at improve product quality. Based on component-based architecture framework, this endeavor delivers scalable infrastructure, mitigates security vulnerability mitigation, and drives business value through improved system performance.","AWS, Python, Docker, Data Analysis, Machine Learning"
"Build a comprehensive real-time dashboard for the education technology sector designed to automate manual processes. Leveraging zero-trust security model, this initiative will deliver responsive user interface while addressing change management, ultimately achieving better data accuracy.","Data Analysis, JavaScript, React, Python"
"Implement a comprehensive mobile application for the education technology sector designed to optimize resource allocation. Leveraging continuous delivery pipeline, this initiative will deliver advanced security protocols while addressing disaster recovery planning, ultimately achieving improved system performance.","JavaScript, React"
"Design a scalable security framework platform serving gaming organizations to automate manual processes. Utilizing serverless computing framework methodology, this project introduces predictive analytics capabilities while overcoming user adoption strategies and demonstrating success through improved team productivity.","AWS, JavaScript, Python, Docker, Data Analysis, React"
"Implement a comprehensive cloud infrastructure for the non-profit sector designed to strengthen compliance protocols. Leveraging event-driven design patterns, this initiative will deliver edge computing capabilities while addressing scalability challenges, ultimately achieving better data accuracy.","Data Analysis, AWS, Python, Docker"
"Roll out an enterprise-grade machine learning model for the education technology market focused on improve user experience. Employing event-driven design patterns strategy, the implementation features computer vision integration, manages aggressive timeline constraints, and targets key performance indicators such as increased processing speed.","Machine Learning, Python"
"Roll out a robust enterprise system infrastructure for healthcare applications to strengthen data governance. Following API-first methodology best practices, the system includes scalable infrastructure, addresses scalability challenges, and optimizes for outcomes like enhanced data insights.","AWS, JavaScript, Python, Data Analysis, React, REST API"
"Create a scalable IoT ecosystem platform serving pharmaceutical organizations to facilitate global expansion. Utilizing continuous delivery pipeline methodology, this project introduces seamless third-party integrations while overcoming legacy system integration and demonstrating success through better data accuracy.","AWS, JavaScript, Python, Docker, Data Analysis, React"
"Formulate a robust IoT ecosystem infrastructure for logistics applications to optimize resource allocation. Following test-driven development best practices, the system includes advanced security protocols, addresses aggressive timeline constraints, and optimizes for outcomes like reduced maintenance overhead.","AWS, JavaScript, Python, Docker, React, Machine Learning"
"Construct an enterprise-grade progressive web app for the agricultural technology market focused on optimize supply chain. Employing component-based architecture strategy, the implementation features distributed ledger technology, manages quality assurance processes, and targets key performance indicators such as improved team productivity.","JavaScript, React, Python, Machine Learning"
"Construct a scalable API framework platform serving financial services organizations to increase market competitiveness. Utilizing microservices architecture methodology, this project introduces blockchain verification while overcoming quality assurance processes and demonstrating success through improved team productivity.","AWS, JavaScript, Microservices, Docker, Python, React"
"Institute a scalable mobile application platform serving non-profit organizations to enable real-time insights. Utilizing DevOps implementation methodology, this project introduces intuitive user experience while overcoming technical debt resolution and demonstrating success through enhanced user satisfaction.","AWS, JavaScript, Docker, React, CI/CD"
"Implement a scalable cloud infrastructure platform serving gaming organizations to optimize resource allocation. Utilizing component-based architecture methodology, this project introduces federated learning system while overcoming aggressive timeline constraints and demonstrating success through improved system performance.","AWS, JavaScript, Python, Docker, React, Machine Learning"
"Design a robust data analytics infrastructure for pharmaceutical applications to improve data security measures. Following reactive programming best practices, the system includes predictive analytics capabilities, addresses team skill development, and optimizes for outcomes like increased automation rate.","AWS, JavaScript, Python, Docker, Data Analysis, React"
"Implement a next-generation integration hub framework for the telecommunications industry to drive innovation initiatives. Using serverless computing framework techniques, the architecture provides real-time analytics dashboard, handles data privacy concerns, and improves business metrics including increased automation rate.","Data Analysis, JavaScript, React, Python"
"Formulate an intelligent data analytics ecosystem serving insurance needs to optimize resource allocation. Through reactive programming implementation, the platform offers voice-enabled interactions, resolves cross-team coordination, and enhances operational efficiency via improved security posture.","JavaScript, Python, Data Analysis, React, Machine Learning"
"Pioneer an enterprise-grade microservices architecture for the real estate market focused on improve user experience. Employing serverless computing framework strategy, the implementation features automated workflow engine, manages integration complexity, and targets key performance indicators such as increased automation rate.",Microservices
"Construct a comprehensive machine learning model for the telecommunications sector designed to optimize supply chain. Leveraging event-driven design patterns, this initiative will deliver seamless third-party integrations while addressing budget allocation limitations, ultimately achieving better user engagement.","Machine Learning, Python"
"Construct a comprehensive IoT ecosystem for the e-commerce sector designed to improve product quality. Leveraging machine learning pipelines, this initiative will deliver automated workflow engine while addressing documentation standards, ultimately achieving improved team productivity.","Machine Learning, Python"
"Construct a robust compliance tool infrastructure for energy sector applications to boost productivity metrics. Following zero-trust security model best practices, the system includes blockchain verification, addresses cross-team coordination, and optimizes for outcomes like increased processing speed.","AWS, JavaScript, Python, Docker, React, Machine Learning"
"Construct an innovative security framework targeting gaming clients with the primary goal to enhance customer engagement. Built on domain-driven design principles principles, the solution incorporates scalable infrastructure and navigates cross-team coordination to deliver measurable outcomes including better decision support.","AWS, JavaScript, Python, Docker, React, Machine Learning"
"Introduce a cutting-edge compliance tool solution in the cybersecurity domain aimed at drive innovation initiatives. Based on test-driven development framework, this endeavor delivers natural language processing, mitigates cross-team coordination, and drives business value through enhanced compliance status.","Machine Learning, Python"
"Build an innovative mobile application targeting gaming clients with the primary goal to enhance scalability capabilities. Built on event-driven design patterns principles, the solution incorporates real-time analytics dashboard and navigates cross-team coordination to deliver measurable outcomes including better resource utilization.","Data Analysis, JavaScript, React, Python"
"Build a next-generation IoT ecosystem framework for the gaming industry to facilitate global expansion. Using infrastructure as code techniques, the architecture provides seamless third-party integrations, handles performance optimization, and improves business metrics including higher system availability.","AWS, JavaScript, Python, Docker, React, Machine Learning"
"Pioneer a next-generation software solution framework for the travel hospitality industry to strengthen compliance protocols. Using zero-trust security model techniques, the architecture provides augmented reality features, handles disaster recovery planning, and improves business metrics including better data accuracy.","Data Analysis, Python"
"Introduce a comprehensive automation system for the insurance sector designed to enhance customer engagement. Leveraging data mesh architecture, this initiative will deliver automated workflow engine while addressing technical debt resolution, ultimately achieving reduced error rates.","Data Analysis, Python"
"Build a next-generation blockchain network framework for the real estate industry to automate manual processes. Using containerization strategy techniques, the architecture provides blockchain verification, handles technology stack modernization, and improves business metrics including better decision support.","JavaScript, React, Python, Machine Learning"
"Construct a next-generation microservices architecture framework for the e-commerce industry to boost productivity metrics. Using test-driven development techniques, the architecture provides federated learning system, handles team skill development, and improves business metrics including improved security posture.",Microservices
"Design a robust AI-powered tool infrastructure for media entertainment applications to improve product quality. Following cloud-native development best practices, the system includes federated learning system, addresses data privacy concerns, and optimizes for outcomes like enhanced user satisfaction.","AWS, JavaScript, Python, Docker, Data Analysis, React"
"Formulate an intelligent IoT ecosystem ecosystem serving insurance needs to reduce operational costs. Through containerization strategy implementation, the platform offers advanced security protocols, resolves performance optimization, and enhances operational efficiency via increased customer retention.","JavaScript, React, Python, Machine Learning"
"Launch a robust software solution infrastructure for e-commerce applications to enable real-time insights. Following test-driven development best practices, the system includes predictive analytics capabilities, addresses aggressive timeline constraints, and optimizes for outcomes like improved security posture.","AWS, JavaScript, Python, Docker, Data Analysis, React"
"Roll out a scalable reporting system platform serving real estate organizations to streamline operational workflows. Utilizing functional programming paradigm methodology, this project introduces federated learning system while overcoming budget allocation limitations and demonstrating success through reduced operational costs.","AWS, JavaScript, Python, Docker, Data Analysis, React"
"Pioneer a scalable microservices architecture platform serving manufacturing organizations to enable real-time insights. Utilizing continuous delivery pipeline methodology, this project introduces edge computing capabilities while overcoming legacy system integration and demonstrating success through better decision support.","AWS, JavaScript, Microservices, Docker, React"
"Formulate an enterprise-grade monitoring solution for the telecommunications market focused on strengthen data governance. Employing zero-trust security model strategy, the implementation features intuitive user experience, manages integration complexity, and targets key performance indicators such as improved security posture.","Data Analysis, JavaScript, React, Python"
"Deploy a robust machine learning model infrastructure for government applications to accelerate decision-making processes. Following component-based architecture best practices, the system includes natural language processing, addresses scalability challenges, and optimizes for outcomes like increased automation rate.","AWS, JavaScript, Python, Docker, React, Machine Learning"
"Launch an intelligent automation system ecosystem serving agricultural technology needs to facilitate global expansion. Through serverless computing framework implementation, the platform offers distributed ledger technology, resolves disaster recovery planning, and enhances operational efficiency via higher system availability.","JavaScript, React, Python, Machine Learning"
"Build an innovative digital platform targeting cybersecurity clients with the primary goal to enable real-time insights. Built on event-driven design patterns principles, the solution incorporates computer vision integration and navigates disaster recovery planning to deliver measurable outcomes including reduced error rates.","JavaScript, React"
"Establish an innovative blockchain network targeting automotive industry clients with the primary goal to optimize supply chain. Built on zero-trust security model principles, the solution incorporates responsive user interface and navigates budget allocation limitations to deliver measurable outcomes including improved team productivity.","JavaScript, React, Python, Machine Learning"
"Construct a comprehensive compliance tool for the retail operations sector designed to modernize legacy infrastructure. Leveraging continuous delivery pipeline, this initiative will deliver predictive analytics capabilities while addressing scalability challenges, ultimately achieving faster time-to-market.","AWS, Python, Docker, Data Analysis, Machine Learning"
"Roll out an enterprise-grade compliance tool for the cybersecurity market focused on boost productivity metrics. Employing test-driven development strategy, the implementation features scalable infrastructure, manages documentation standards, and targets key performance indicators such as increased automation rate.","AWS, Docker"
"Design an enterprise-grade progressive web app for the telecommunications market focused on improve user experience. Employing test-driven development strategy, the implementation features edge computing capabilities, manages aggressive timeline constraints, and targets key performance indicators such as increased automation rate.","JavaScript, React, Python, Machine Learning"
"Construct a comprehensive data analytics for the media entertainment sector designed to increase market competitiveness. Leveraging containerization strategy, this initiative will deliver seamless third-party integrations while addressing legacy system integration, ultimately achieving increased automation rate.","Data Analysis, Machine Learning, Python"
"Develop an enterprise-grade mobile application for the automotive industry market focused on facilitate global expansion. Employing serverless computing framework strategy, the implementation features comprehensive reporting suite, manages technical debt resolution, and targets key performance indicators such as better resource utilization.","Data Analysis, JavaScript, React, Python"
"Build an innovative mobile application targeting financial services clients with the primary goal to improve product quality. Built on event-driven design patterns principles, the solution incorporates responsive user interface and navigates technology stack modernization to deliver measurable outcomes including better user engagement.","JavaScript, React"
"Pioneer an innovative API framework targeting energy sector clients with the primary goal to improve user experience. Built on event-driven design patterns principles, the solution incorporates computer vision integration and navigates legacy system integration to deliver measurable outcomes including increased automation rate.","REST API, JavaScript, React"
"Institute a comprehensive data analytics for the telecommunications sector designed to strengthen compliance protocols. Leveraging microservices architecture, this initiative will deliver scalable infrastructure while addressing documentation standards, ultimately achieving better user engagement.","AWS, Python, Microservices, Data Analysis, Docker"
"Introduce a scalable IoT ecosystem platform serving manufacturing organizations to increase market competitiveness. Utilizing data mesh architecture methodology, this project introduces real-time analytics dashboard while overcoming quality assurance processes and demonstrating success through improved system performance.","AWS, JavaScript, Python, Docker, Data Analysis, React"
"Design an innovative blockchain network targeting e-commerce clients with the primary goal to improve data security measures. Built on continuous delivery pipeline principles, the solution incorporates mobile-optimized design and navigates team skill development to deliver measurable outcomes including improved security posture.","JavaScript, Python, Data Analysis, React, Machine Learning"
"Introduce an innovative progressive web app targeting energy sector clients with the primary goal to modernize legacy infrastructure. Built on serverless computing framework principles, the solution incorporates intuitive user experience and navigates vendor management to deliver measurable outcomes including reduced maintenance overhead.","AWS, JavaScript, Python, Docker, React, Machine Learning"
"Formulate an intelligent automation system ecosystem serving agricultural technology needs to strengthen data governance. Through continuous delivery pipeline implementation, the platform offers AI-assisted functionality, resolves disaster recovery planning, and enhances operational efficiency via increased processing speed.","JavaScript, Python, Data Analysis, React, Machine Learning"
"Launch a robust software solution infrastructure for government applications to modernize legacy infrastructure. Following machine learning pipelines best practices, the system includes augmented reality features, addresses security vulnerability mitigation, and optimizes for outcomes like better user engagement.","AWS, JavaScript, Python, Docker, React, Machine Learning"
"Roll out an innovative blockchain network targeting e-commerce clients with the primary goal to increase market competitiveness. Built on infrastructure as code principles, the solution incorporates blockchain verification and navigates cross-team coordination to deliver measurable outcomes including enhanced compliance status.","AWS, JavaScript, Python, Docker, React, Machine Learning"
"Construct an enterprise-grade monitoring solution for the e-commerce market focused on improve user experience. Employing domain-driven design principles strategy, the implementation features federated learning system, manages budget allocation limitations, and targets key performance indicators such as enhanced data insights.","Data Analysis, Machine Learning, Python"
"Initiate an intelligent AI-powered tool ecosystem serving energy sector needs to enhance customer engagement. Through component-based architecture implementation, the platform offers computer vision integration, resolves regulatory compliance requirements, and enhances operational efficiency via increased customer retention.","JavaScript, React, Python, Machine Learning"
"Develop an intelligent machine learning model ecosystem serving financial services needs to improve product quality. Through microservices architecture implementation, the platform offers natural language processing, resolves security vulnerability mitigation, and enhances operational efficiency via better data accuracy.","JavaScript, Python, Microservices, Data Analysis, React, Machine Learning"
"Build an intelligent security framework ecosystem serving manufacturing needs to enable real-time insights. Through domain-driven design principles implementation, the platform offers mobile-optimized design, resolves user adoption strategies, and enhances operational efficiency via improved scalability.","JavaScript, React, Python, Machine Learning"
"Institute a comprehensive security framework for the manufacturing sector designed to facilitate global expansion. Leveraging data mesh architecture, this initiative will deliver responsive user interface while addressing legacy system integration, ultimately achieving faster time-to-market.","Data Analysis, Python"
"Launch a comprehensive enterprise system for the energy sector sector designed to facilitate global expansion. Leveraging functional programming paradigm, this initiative will deliver real-time analytics dashboard while addressing regulatory compliance requirements, ultimately achieving increased customer retention.","Data Analysis, JavaScript, React, Python"
"Engineer a scalable data analytics platform serving logistics organizations to improve product quality. Utilizing progressive enhancement methodology, this project introduces responsive user interface while overcoming cross-team coordination and demonstrating success through enhanced compliance status.","AWS, JavaScript, Python, Docker, Data Analysis, React"
"Pioneer an innovative IoT ecosystem targeting media entertainment clients with the primary goal to enhance scalability capabilities. Built on DevOps implementation principles, the solution incorporates seamless third-party integrations and navigates vendor management to deliver measurable outcomes including better resource utilization.","JavaScript, Python, React, CI/CD, Machine Learning"
"Implement an innovative AI-powered tool targeting financial services clients with the primary goal to increase market competitiveness. Built on progressive enhancement principles, the solution incorporates voice-enabled interactions and navigates budget allocation limitations to deliver measurable outcomes including improved team productivity.","JavaScript, React, Python, Machine Learning"
"Institute a next-generation mobile application framework for the government industry to accelerate decision-making processes. Using API-first methodology techniques, the architecture provides comprehensive reporting suite, handles integration complexity, and improves business metrics including reduced maintenance overhead.","JavaScript, Python, Data Analysis, React, REST API, Machine Learning"
"Engineer an innovative real-time dashboard targeting telecommunications clients with the primary goal to strengthen compliance protocols. Built on machine learning pipelines principles, the solution incorporates responsive user interface and navigates cross-team coordination to deliver measurable outcomes including better decision support.","React, Machine Learning, JavaScript, Python"
"Develop an innovative security framework targeting government clients with the primary goal to automate manual processes. Built on infrastructure as code principles, the solution incorporates mobile-optimized design and navigates data migration complexities to deliver measurable outcomes including reduced error rates.","AWS, JavaScript, Python, Docker, Data Analysis, React"
"Implement an enterprise-grade automation system for the insurance market focused on facilitate global expansion. Employing event-driven design patterns strategy, the implementation features automated workflow engine, manages data privacy concerns, and targets key performance indicators such as increased automation rate.","Data Analysis, Python"
"Create a cutting-edge software solution solution in the education technology domain aimed at accelerate decision-making processes. Based on DevOps implementation framework, this endeavor delivers responsive user interface, mitigates regulatory compliance requirements, and drives business value through enhanced user satisfaction.","JavaScript, Python, React, CI/CD, Machine Learning"
"Construct an enterprise-grade progressive web app for the manufacturing market focused on expand service offerings. Employing continuous delivery pipeline strategy, the implementation features computer vision integration, manages budget allocation limitations, and targets key performance indicators such as higher system availability.","JavaScript, React, Python, Machine Learning"
"Introduce a scalable integration hub platform serving pharmaceutical organizations to strengthen compliance protocols. Utilizing DevOps implementation methodology, this project introduces scalable infrastructure while overcoming user adoption strategies and demonstrating success through reduced operational costs.","AWS, JavaScript, Docker, React, CI/CD"
"Initiate a robust digital platform infrastructure for telecommunications applications to modernize legacy infrastructure. Following containerization strategy best practices, the system includes scalable infrastructure, addresses legacy system integration, and optimizes for outcomes like better user engagement.","AWS, JavaScript, Python, Docker, React, Machine Learning"
"Create a scalable software solution platform serving financial services organizations to improve product quality. Utilizing domain-driven design principles methodology, this project introduces comprehensive reporting suite while overcoming change management and demonstrating success through enhanced data insights.","AWS, JavaScript, Python, Docker, Data Analysis, React"
"Pioneer a comprehensive API framework for the non-profit sector designed to modernize legacy infrastructure. Leveraging component-based architecture, this initiative will deliver mobile-optimized design while addressing integration complexity, ultimately achieving better decision support.","AWS, JavaScript, Docker, React, REST API"
"Engineer a next-generation compliance tool framework for the financial services industry to improve data security measures. Using responsive design system techniques, the architecture provides comprehensive reporting suite, handles cross-team coordination, and improves business metrics including improved scalability.","Data Analysis, JavaScript, React, Python"
"Establish a cutting-edge progressive web app solution in the manufacturing domain aimed at modernize legacy infrastructure. Based on functional programming paradigm framework, this endeavor delivers natural language processing, mitigates change management, and drives business value through higher system availability.","AWS, JavaScript, Python, Docker, React, Machine Learning"
"Deploy an intelligent AI-powered tool ecosystem serving healthcare needs to improve product quality. Through reactive programming implementation, the platform offers AI-assisted functionality, resolves disaster recovery planning, and enhances operational efficiency via increased processing speed.","JavaScript, React, Python, Machine Learning"
"Pioneer a scalable mobile application platform serving automotive industry organizations to improve data security measures. Utilizing reactive programming methodology, this project introduces predictive analytics capabilities while overcoming disaster recovery planning and demonstrating success through reduced error rates.","AWS, JavaScript, Python, Docker, Data Analysis, React"
"Implement a comprehensive AI-powered tool for the retail operations sector designed to improve product quality. Leveraging event-driven design patterns, this initiative will deliver automated workflow engine while addressing team skill development, ultimately achieving better resource utilization.","Machine Learning, Python"
"Deploy an intelligent compliance tool ecosystem serving non-profit needs to improve data security measures. Through containerization strategy implementation, the platform offers mobile-optimized design, resolves cross-team coordination, and enhances operational efficiency via improved security posture.","JavaScript, Python, Data Analysis, React, Machine Learning"
"Roll out a cutting-edge blockchain network solution in the real estate domain aimed at enable real-time insights. Based on zero-trust security model framework, this endeavor delivers responsive user interface, mitigates vendor management, and drives business value through better resource utilization.","Machine Learning, Python"
"Design a next-generation real-time dashboard framework for the non-profit industry to increase market competitiveness. Using domain-driven design principles techniques, the architecture provides predictive analytics capabilities, handles performance optimization, and improves business metrics including better resource utilization.","JavaScript, Python, Data Analysis, React, Machine Learning"
"Initiate an intelligent compliance tool ecosystem serving travel hospitality needs to automate manual processes. Through infrastructure as code implementation, the platform offers augmented reality features, resolves technology stack modernization, and enhances operational efficiency via increased automation rate.","AWS, JavaScript, Python, Docker, React, Machine Learning"
"Deploy a cutting-edge blockchain network solution in the gaming domain aimed at drive innovation initiatives. Based on infrastructure as code framework, this endeavor delivers advanced security protocols, mitigates disaster recovery planning, and drives business value through reduced error rates.","AWS, Machine Learning, Python, Docker"
"Introduce an innovative automation system targeting healthcare clients with the primary goal to optimize resource allocation. Built on cloud-native development principles, the solution incorporates mobile-optimized design and navigates data migration complexities to deliver measurable outcomes including enhanced compliance status.","AWS, JavaScript, Python, Docker, Data Analysis, React"
"Introduce an enterprise-grade software solution for the energy sector market focused on drive innovation initiatives. Employing API-first methodology strategy, the implementation features distributed ledger technology, manages team skill development, and targets key performance indicators such as better data accuracy.","Data Analysis, REST API, Python"
"Establish an innovative cloud infrastructure targeting e-commerce clients with the primary goal to streamline operational workflows. Built on API-first methodology principles, the solution incorporates federated learning system and navigates data migration complexities to deliver measurable outcomes including enhanced data insights.","AWS, JavaScript, Python, Data Analysis, React, REST API"
"Implement a cutting-edge cloud infrastructure solution in the retail operations domain aimed at improve user experience. Based on component-based architecture framework, this endeavor delivers scalable infrastructure, mitigates technical debt resolution, and drives business value through reduced error rates.","AWS, Machine Learning, Python, Docker"
"Launch a next-generation mobile application framework for the education technology industry to reduce operational costs. Using reactive programming techniques, the architecture provides distributed ledger technology, handles budget allocation limitations, and improves business metrics including improved team productivity.","JavaScript, React"
"Construct a cutting-edge progressive web app solution in the manufacturing domain aimed at automate manual processes. Based on responsive design system framework, this endeavor delivers augmented reality features, mitigates cross-team coordination, and drives business value through improved system performance.","JavaScript, React, Python, Machine Learning"
"Institute a scalable software solution platform serving travel hospitality organizations to improve data security measures. Utilizing progressive enhancement methodology, this project introduces natural language processing while overcoming vendor management and demonstrating success through improved system performance.","AWS, JavaScript, Python, Docker, Data Analysis, React"
"Launch a cutting-edge mobile application solution in the travel hospitality domain aimed at improve product quality. Based on test-driven development framework, this endeavor delivers natural language processing, mitigates cross-team coordination, and drives business value through increased customer retention.","JavaScript, React, Python, Machine Learning"
"Introduce an intelligent compliance tool ecosystem serving insurance needs to improve data security measures. Through test-driven development implementation, the platform offers quantum-resistant cryptography, resolves documentation standards, and enhances operational efficiency via improved scalability.","JavaScript, Python, Data Analysis, React, Machine Learning"
"Pioneer an intelligent security framework ecosystem serving media entertainment needs to expand service offerings. Through DevOps implementation implementation, the platform offers responsive user interface, resolves aggressive timeline constraints, and enhances operational efficiency via reduced maintenance overhead.","JavaScript, Python, React, CI/CD, Machine Learning"
"Institute an intelligent API framework ecosystem serving cybersecurity needs to streamline operational workflows. Through serverless computing framework implementation, the platform offers AI-assisted functionality, resolves data migration complexities, and enhances operational efficiency via better decision support.","JavaScript, Python, Data Analysis, React, REST API, Machine Learning"
"Pioneer an enterprise-grade automation system for the retail operations market focused on expand service offerings. Employing agile development practices strategy, the implementation features scalable infrastructure, manages scalability challenges, and targets key performance indicators such as enhanced data insights.","AWS, Python, Docker, Data Analysis, Agile, Machine Learning"
"Develop a next-generation API framework framework for the agricultural technology industry to improve product quality. Using functional programming paradigm techniques, the architecture provides seamless third-party integrations, handles user adoption strategies, and improves business metrics including higher system availability.","REST API, Machine Learning, Python"
"Construct an innovative mobile application targeting e-commerce clients with the primary goal to automate manual processes. Built on responsive design system principles, the solution incorporates voice-enabled interactions and navigates performance optimization to deliver measurable outcomes including increased system reliability.","JavaScript, React"
"Construct a cutting-edge software solution solution in the cybersecurity domain aimed at optimize supply chain. Based on test-driven development framework, this endeavor delivers real-time analytics dashboard, mitigates technical debt resolution, and drives business value through better resource utilization.","JavaScript, Python, Data Analysis, React, Machine Learning"
"Construct a comprehensive reporting system for the education technology sector designed to drive innovation initiatives. Leveraging data mesh architecture, this initiative will deliver edge computing capabilities while addressing security vulnerability mitigation, ultimately achieving reduced maintenance overhead.","Data Analysis, Machine Learning, Python"
"Implement an enterprise-grade microservices architecture for the agricultural technology market focused on modernize legacy infrastructure. Employing agile development practices strategy, the implementation features AI-assisted functionality, manages regulatory compliance requirements, and targets key performance indicators such as better data accuracy.","AWS, JavaScript, Python, Microservices, Data Analysis, React"
"Implement a next-generation API framework framework for the e-commerce industry to enable real-time insights. Using data mesh architecture techniques, the architecture provides federated learning system, handles performance optimization, and improves business metrics including reduced error rates.","Data Analysis, REST API, Python"
"Introduce a comprehensive blockchain network for the travel hospitality sector designed to enable real-time insights. Leveraging component-based architecture, this initiative will deliver predictive analytics capabilities while addressing technical debt resolution, ultimately achieving improved system performance.","Data Analysis, Machine Learning, Python"
"Implement an innovative progressive web app targeting real estate clients with the primary goal to improve data security measures. Built on responsive design system principles, the solution incorporates augmented reality features and navigates quality assurance processes to deliver measurable outcomes including better data accuracy.","Data Analysis, JavaScript, React, Python"
"Formulate an intelligent software solution ecosystem serving education technology needs to expand service offerings. Through containerization strategy implementation, the platform offers quantum-resistant cryptography, resolves legacy system integration, and enhances operational efficiency via faster time-to-market.","JavaScript, React, Python, Machine Learning"
"Implement a robust enterprise system infrastructure for healthcare applications to improve data security measures. Following progressive enhancement best practices, the system includes scalable infrastructure, addresses security vulnerability mitigation, and optimizes for outcomes like enhanced user satisfaction.","AWS, JavaScript, Python, Docker, Data Analysis, React"
"Create an enterprise-grade enterprise system for the e-commerce market focused on modernize legacy infrastructure. Employing functional programming paradigm strategy, the implementation features intuitive user experience, manages team skill development, and targets key performance indicators such as improved scalability.","AWS, JavaScript, React, Docker"
"Introduce an intelligent IoT ecosystem ecosystem serving media entertainment needs to optimize supply chain. Through reactive programming implementation, the platform offers responsive user interface, resolves regulatory compliance requirements, and enhances operational efficiency via improved scalability.","JavaScript, React, Python, Machine Learning"
"Design a scalable compliance tool platform serving education technology organizations to strengthen compliance protocols. Utilizing functional programming paradigm methodology, this project introduces intuitive user experience while overcoming data migration complexities and demonstrating success through improved scalability.","AWS, JavaScript, Python, Docker, Data Analysis, React"
"Pioneer a comprehensive software solution for the insurance sector designed to modernize legacy infrastructure. Leveraging machine learning pipelines, this initiative will deliver voice-enabled interactions while addressing security vulnerability mitigation, ultimately achieving reduced operational costs.","AWS, Machine Learning, Python, Docker"
"Construct a comprehensive automation system for the healthcare sector designed to expand service offerings. Leveraging agile development practices, this initiative will deliver voice-enabled interactions while addressing aggressive timeline constraints, ultimately achieving increased automation rate.","Machine Learning, Python, Agile"
"Engineer a comprehensive reporting system for the energy sector sector designed to streamline operational workflows. Leveraging test-driven development, this initiative will deliver federated learning system while addressing scalability challenges, ultimately achieving increased automation rate.","Data Analysis, Python"
"Introduce a cutting-edge IoT ecosystem solution in the telecommunications domain aimed at improve user experience. Based on progressive enhancement framework, this endeavor delivers comprehensive reporting suite, mitigates cross-team coordination, and drives business value through improved system performance.","JavaScript, Python, Data Analysis, React, Machine Learning"
"Construct a comprehensive software solution for the cybersecurity sector designed to modernize legacy infrastructure. Leveraging infrastructure as code, this initiative will deliver mobile-optimized design while addressing vendor management, ultimately achieving better user engagement.","AWS, JavaScript, React, Docker"
"Institute an enterprise-grade digital platform for the automotive industry market focused on streamline operational workflows. Employing progressive enhancement strategy, the implementation features automated workflow engine, manages integration complexity, and targets key performance indicators such as improved team productivity.","JavaScript, React"
"Institute a scalable data analytics platform serving insurance organizations to modernize legacy infrastructure. Utilizing continuous delivery pipeline methodology, this project introduces computer vision integration while overcoming cross-team coordination and demonstrating success through faster time-to-market.","AWS, JavaScript, Python, Docker, Data Analysis, React"
"Launch a comprehensive compliance tool for the automotive industry sector designed to improve product quality. Leveraging test-driven development, this initiative will deliver automated workflow engine while addressing quality assurance processes, ultimately achieving faster time-to-market.",
"Construct an innovative API framework targeting manufacturing clients with the primary goal to optimize resource allocation. Built on reactive programming principles, the solution incorporates natural language processing and navigates data migration complexities to deliver measurable outcomes including enhanced data insights.","JavaScript, Python, Data Analysis, React, REST API"
"Formulate an intelligent machine learning model ecosystem serving logistics needs to streamline operational workflows. Through test-driven development implementation, the platform offers federated learning system, resolves integration complexity, and enhances operational efficiency via enhanced compliance status.","React, Machine Learning, JavaScript, Python"
"Roll out an enterprise-grade software solution for the retail operations market focused on improve data security measures. Employing machine learning pipelines strategy, the implementation features real-time analytics dashboard, manages data migration complexities, and targets key performance indicators such as better user engagement.","JavaScript, Python, Data Analysis, React, Machine Learning"
"Implement an intelligent mobile application ecosystem serving real estate needs to optimize resource allocation. Through containerization strategy implementation, the platform offers comprehensive reporting suite, resolves documentation standards, and enhances operational efficiency via enhanced data insights.","JavaScript, Python, Data Analysis, React, Machine Learning"
"Initiate a robust IoT ecosystem infrastructure for energy sector applications to improve product quality. Following domain-driven design principles best practices, the system includes comprehensive reporting suite, addresses user adoption strategies, and optimizes for outcomes like faster time-to-market.","AWS, JavaScript, Python, Docker, Data Analysis, React"
"Roll out an enterprise-grade enterprise system for the travel hospitality market focused on optimize supply chain. Employing reactive programming strategy, the implementation features seamless third-party integrations, manages integration complexity, and targets key performance indicators such as improved team productivity.","Machine Learning, Python"
"Design an intelligent integration hub ecosystem serving insurance needs to strengthen compliance protocols. Through test-driven development implementation, the platform offers AI-assisted functionality, resolves data migration complexities, and enhances operational efficiency via reduced operational costs.","JavaScript, Python, Data Analysis, React, Machine Learning"
"Institute an innovative digital platform targeting telecommunications clients with the primary goal to accelerate decision-making processes. Built on responsive design system principles, the solution incorporates mobile-optimized design and navigates quality assurance processes to deliver measurable outcomes including improved team productivity.","JavaScript, React"
"Design an enterprise-grade compliance tool for the government market focused on improve user experience. Employing responsive design system strategy, the implementation features blockchain verification, manages cross-team coordination, and targets key performance indicators such as reduced maintenance overhead.","Machine Learning, Python"
"Build a scalable API framework platform serving automotive industry organizations to enable real-time insights. Utilizing progressive enhancement methodology, this project introduces augmented reality features while overcoming security vulnerability mitigation and demonstrating success through improved team productivity.","AWS, JavaScript, Docker, React, REST API"
"Roll out a cutting-edge automation system solution in the real estate domain aimed at boost productivity metrics. Based on progressive enhancement framework, this endeavor delivers scalable infrastructure, mitigates change management, and drives business value through increased system reliability.","AWS, Machine Learning, Python, Docker"
"Implement a robust reporting system infrastructure for government applications to drive innovation initiatives. Following machine learning pipelines best practices, the system includes edge computing capabilities, addresses scalability challenges, and optimizes for outcomes like better resource utilization.","AWS, JavaScript, Python, Data Analysis, React, Machine Learning"
"Introduce a scalable IoT ecosystem platform serving gaming organizations to strengthen data governance. Utilizing test-driven development methodology, this project introduces responsive user interface while overcoming integration complexity and demonstrating success through better resource utilization.","AWS, JavaScript, Python, Docker, Data Analysis, React"
"Deploy an enterprise-grade IoT ecosystem for the cybersecurity market focused on accelerate decision-making processes. Employing DevOps implementation strategy, the implementation features mobile-optimized design, manages cross-team coordination, and targets key performance indicators such as increased processing speed.","React, JavaScript, CI/CD"
"Develop a next-generation security framework framework for the financial services industry to facilitate global expansion. Using agile development practices techniques, the architecture provides predictive analytics capabilities, handles documentation standards, and improves business metrics including increased automation rate.","Data Analysis, Machine Learning, Python, Agile"
"Formulate an innovative security framework targeting insurance clients with the primary goal to optimize resource allocation. Built on API-first methodology principles, the solution incorporates mobile-optimized design and navigates data migration complexities to deliver measurable outcomes including improved scalability.","JavaScript, Python, Data Analysis, React, REST API"
"Engineer a robust automation system infrastructure for government applications to optimize resource allocation. Following test-driven development best practices, the system includes automated workflow engine, addresses scalability challenges, and optimizes for outcomes like increased processing speed.","AWS, JavaScript, React, Docker"
"Construct a next-generation blockchain network framework for the energy sector industry to modernize legacy infrastructure. Using component-based architecture techniques, the architecture provides advanced security protocols, handles team skill development, and improves business metrics including higher system availability.","AWS, Machine Learning, Python, Docker"
"Formulate an intelligent enterprise system ecosystem serving pharmaceutical needs to optimize supply chain. Through data mesh architecture implementation, the platform offers intuitive user experience, resolves aggressive timeline constraints, and enhances operational efficiency via enhanced user satisfaction.","JavaScript, Python, Data Analysis, React, Machine Learning"
"Introduce a robust data analytics infrastructure for retail operations applications to expand service offerings. Following domain-driven design principles best practices, the system includes computer vision integration, addresses team skill development, and optimizes for outcomes like reduced maintenance overhead.","AWS, JavaScript, Python, Docker, Data Analysis, React"
"Formulate a robust automation system infrastructure for media entertainment applications to expand service offerings. Following responsive design system best practices, the system includes responsive user interface, addresses aggressive timeline constraints, and optimizes for outcomes like better decision support.","AWS, JavaScript, Python, Docker, React, Machine Learning"
"Formulate a comprehensive blockchain network for the financial services sector designed to strengthen compliance protocols. Leveraging continuous delivery pipeline, this initiative will deliver edge computing capabilities while addressing budget allocation limitations, ultimately achieving increased automation rate.","Machine Learning, Python"
"Institute a robust real-time dashboard infrastructure for real estate applications to modernize legacy infrastructure. Following cloud-native development best practices, the system includes mobile-optimized design, addresses team skill development, and optimizes for outcomes like faster time-to-market.","AWS, JavaScript, React, Docker"
"Launch a comprehensive monitoring solution for the energy sector sector designed to accelerate decision-making processes. Leveraging data mesh architecture, this initiative will deliver federated learning system while addressing user adoption strategies, ultimately achieving better data accuracy.","Data Analysis, Python"
"Construct a scalable enterprise system platform serving healthcare organizations to drive innovation initiatives. Utilizing agile development practices methodology, this project introduces blockchain verification while overcoming quality assurance processes and demonstrating success through improved security posture.","AWS, JavaScript, Python, Docker, React, Agile"
"Initiate an innovative real-time dashboard targeting energy sector clients with the primary goal to optimize supply chain. Built on DevOps implementation principles, the solution incorporates real-time analytics dashboard and navigates regulatory compliance requirements to deliver measurable outcomes including improved system performance.","JavaScript, Python, Data Analysis, React, CI/CD, Machine Learning"
"Develop a scalable blockchain network platform serving education technology organizations to enhance customer engagement. Utilizing continuous delivery pipeline methodology, this project introduces responsive user interface while overcoming data privacy concerns and demonstrating success through reduced maintenance overhead.","AWS, JavaScript, Python, Docker, Data Analysis, React"
"Develop an enterprise-grade digital platform for the non-profit market focused on strengthen data governance. Employing API-first methodology strategy, the implementation features responsive user interface, manages documentation standards, and targets key performance indicators such as reduced maintenance overhead.","JavaScript, Python, Data Analysis, React, REST API, Machine Learning"
"Engineer a cutting-edge automation system solution in the energy sector domain aimed at accelerate decision-making processes. Based on continuous delivery pipeline framework, this endeavor delivers quantum-resistant cryptography, mitigates team skill development, and drives business value through reduced maintenance overhead.","Machine Learning, Python"
"Deploy a robust monitoring solution infrastructure for government applications to expand service offerings. Following zero-trust security model best practices, the system includes real-time analytics dashboard, addresses team skill development, and optimizes for outcomes like reduced maintenance overhead.","AWS, JavaScript, Python, Docker, Data Analysis, React"
"Construct a scalable automation system platform serving travel hospitality organizations to enhance scalability capabilities. Utilizing machine learning pipelines methodology, this project introduces responsive user interface while overcoming security vulnerability mitigation and demonstrating success through enhanced compliance status.","AWS, JavaScript, Python, Docker, React, Machine Learning"
"Pioneer an enterprise-grade reporting system for the education technology market focused on optimize resource allocation. Employing API-first methodology strategy, the implementation features voice-enabled interactions, manages disaster recovery planning, and targets key performance indicators such as improved team productivity.","Data Analysis, REST API, Python"
"Design an enterprise-grade software solution for the media entertainment market focused on improve product quality. Employing data mesh architecture strategy, the implementation features augmented reality features, manages legacy system integration, and targets key performance indicators such as increased customer retention.","Data Analysis, Machine Learning, Python"
"Initiate an innovative automation system targeting pharmaceutical clients with the primary goal to drive innovation initiatives. Built on functional programming paradigm principles, the solution incorporates seamless third-party integrations and navigates data migration complexities to deliver measurable outcomes including increased automation rate.","Data Analysis, JavaScript, React, Python"
"Establish a next-generation automation system framework for the manufacturing industry to enhance customer engagement. Using responsive design system techniques, the architecture provides computer vision integration, handles aggressive timeline constraints, and improves business metrics including enhanced data insights.","Data Analysis, Machine Learning, Python"
"Create a scalable real-time dashboard platform serving retail operations organizations to modernize legacy infrastructure. Utilizing reactive programming methodology, this project introduces AI-assisted functionality while overcoming disaster recovery planning and demonstrating success through improved scalability.","AWS, JavaScript, Python, Docker, React, Machine Learning"
"Institute a robust AI-powered tool infrastructure for media entertainment applications to improve data security measures. Following serverless computing framework best practices, the system includes edge computing capabilities, addresses team skill development, and optimizes for outcomes like improved system performance.","AWS, JavaScript, Python, Docker, Data Analysis, React"
"Establish a next-generation AI-powered tool framework for the manufacturing industry to optimize supply chain. Using progressive enhancement techniques, the architecture provides AI-assisted functionality, handles data migration complexities, and improves business metrics including enhanced user satisfaction.","Data Analysis, Machine Learning, Python"
"Develop an intelligent AI-powered tool ecosystem serving insurance needs to strengthen compliance protocols. Through responsive design system implementation, the platform offers quantum-resistant cryptography, resolves security vulnerability mitigation, and enhances operational efficiency via improved scalability.","JavaScript, React, Python, Machine Learning"
"Create an intelligent AI-powered tool ecosystem serving insurance needs to reduce operational costs. Through continuous delivery pipeline implementation, the platform offers quantum-resistant cryptography, resolves data migration complexities, and enhances operational efficiency via better data accuracy.","JavaScript, Python, Data Analysis, React, Machine Learning"
"Develop a next-generation blockchain network framework for the energy sector industry to optimize resource allocation. Using data mesh architecture techniques, the architecture provides advanced security protocols, handles cross-team coordination, and improves business metrics including higher system availability.","Data Analysis, Machine Learning, Python"
"Formulate an intelligent security framework ecosystem serving media entertainment needs to strengthen compliance protocols. Through reactive programming implementation, the platform offers responsive user interface, resolves technical debt resolution, and enhances operational efficiency via reduced error rates.","JavaScript, React, Python, Machine Learning"
"Introduce a next-generation enterprise system framework for the cybersecurity industry to increase market competitiveness. Using serverless computing framework techniques, the architecture provides mobile-optimized design, handles cross-team coordination, and improves business metrics including increased automation rate.","JavaScript, React"
"Launch an enterprise-grade digital platform for the travel hospitality market focused on automate manual processes. Employing infrastructure as code strategy, the implementation features augmented reality features, manages budget allocation limitations, and targets key performance indicators such as better user engagement.","AWS, JavaScript, React, Docker"
"Introduce a cutting-edge AI-powered tool solution in the financial services domain aimed at improve product quality. Based on domain-driven design principles framework, this endeavor delivers AI-assisted functionality, mitigates data migration complexities, and drives business value through improved scalability.","Data Analysis, Machine Learning, Python"
"Construct a next-generation software solution framework for the insurance industry to modernize legacy infrastructure. Using cloud-native development techniques, the architecture provides quantum-resistant cryptography, handles legacy system integration, and improves business metrics including improved team productivity.","AWS, Docker"
"Develop a comprehensive integration hub for the logistics sector designed to reduce operational costs. Leveraging API-first methodology, this initiative will deliver seamless third-party integrations while addressing scalability challenges, ultimately achieving increased processing speed.",REST API
"Develop an intelligent microservices architecture ecosystem serving media entertainment needs to reduce operational costs. Through machine learning pipelines implementation, the platform offers blockchain verification, resolves change management, and enhances operational efficiency via improved system performance.","JavaScript, Python, Microservices, React, Machine Learning"
"Build an intelligent data analytics ecosystem serving automotive industry needs to enhance customer engagement. Through continuous delivery pipeline implementation, the platform offers federated learning system, resolves budget allocation limitations, and enhances operational efficiency via enhanced data insights.","JavaScript, Python, Data Analysis, React, Machine Learning"
"Initiate an innovative automation system targeting gaming clients with the primary goal to optimize resource allocation. Built on machine learning pipelines principles, the solution incorporates natural language processing and navigates performance optimization to deliver measurable outcomes including increased processing speed.","React, Machine Learning, JavaScript, Python"
"Develop a scalable AI-powered tool platform serving travel hospitality organizations to automate manual processes. Utilizing containerization strategy methodology, this project introduces comprehensive reporting suite while overcoming security vulnerability mitigation and demonstrating success through improved security posture.","AWS, JavaScript, Python, Docker, Data Analysis, React"
"Initiate a cutting-edge real-time dashboard solution in the education technology domain aimed at increase market competitiveness. Based on continuous delivery pipeline framework, this endeavor delivers intuitive user experience, mitigates aggressive timeline constraints, and drives business value through better resource utilization.","JavaScript, React, Python, Machine Learning"
"Roll out an enterprise-grade compliance tool for the automotive industry market focused on reduce operational costs. Employing cloud-native development strategy, the implementation features quantum-resistant cryptography, manages data privacy concerns, and targets key performance indicators such as better data accuracy.","Data Analysis, AWS, Python, Docker"
"Introduce a next-generation monitoring solution framework for the insurance industry to optimize resource allocation. Using reactive programming techniques, the architecture provides intuitive user experience, handles vendor management, and improves business metrics including improved security posture.","JavaScript, React"
"Institute a robust reporting system infrastructure for media entertainment applications to facilitate global expansion. Following machine learning pipelines best practices, the system includes voice-enabled interactions, addresses documentation standards, and optimizes for outcomes like enhanced user satisfaction.","AWS, JavaScript, Python, Data Analysis, React, Machine Learning"
"Initiate a scalable microservices architecture platform serving manufacturing organizations to reduce operational costs. Utilizing infrastructure as code methodology, this project introduces predictive analytics capabilities while overcoming aggressive timeline constraints and demonstrating success through better decision support.","AWS, JavaScript, Python, Microservices, Data Analysis, React"
"Construct a comprehensive IoT ecosystem for the travel hospitality sector designed to strengthen data governance. Leveraging test-driven development, this initiative will deliver computer vision integration while addressing data privacy concerns, ultimately achieving better resource utilization.","Data Analysis, Python"
"Engineer a cutting-edge reporting system solution in the real estate domain aimed at improve product quality. Based on microservices architecture framework, this endeavor delivers scalable infrastructure, mitigates change management, and drives business value through higher system availability.","AWS, Python, Microservices, Data Analysis, Docker, Machine Learning"
"Implement a next-generation enterprise system framework for the retail operations industry to improve data security measures. Using infrastructure as code techniques, the architecture provides natural language processing, handles data privacy concerns, and improves business metrics including higher system availability.","AWS, Python, Docker, Data Analysis, Machine Learning"
"Build a robust data analytics infrastructure for education technology applications to increase market competitiveness. Following responsive design system best practices, the system includes seamless third-party integrations, addresses technical debt resolution, and optimizes for outcomes like better data accuracy.","AWS, JavaScript, Python, Docker, Data Analysis, React"
"Establish a robust security framework infrastructure for real estate applications to automate manual processes. Following DevOps implementation best practices, the system includes responsive user interface, addresses data privacy concerns, and optimizes for outcomes like better data accuracy.","AWS, JavaScript, Python, Data Analysis, React, CI/CD"
"Construct a scalable monitoring solution platform serving e-commerce organizations to facilitate global expansion. Utilizing component-based architecture methodology, this project introduces quantum-resistant cryptography while overcoming legacy system integration and demonstrating success through faster time-to-market.","AWS, JavaScript, React, Docker"
"Build an intelligent blockchain network ecosystem serving logistics needs to enhance scalability capabilities. Through agile development practices implementation, the platform offers automated workflow engine, resolves budget allocation limitations, and enhances operational efficiency via better resource utilization.","JavaScript, Python, React, Agile, Machine Learning"
"Deploy an intelligent progressive web app ecosystem serving pharmaceutical needs to enhance customer engagement. Through continuous delivery pipeline implementation, the platform offers augmented reality features, resolves aggressive timeline constraints, and enhances operational efficiency via higher system availability.","JavaScript, React, Python, Machine Learning"
"Construct a next-generation digital platform framework for the telecommunications industry to boost productivity metrics. Using API-first methodology techniques, the architecture provides quantum-resistant cryptography, handles change management, and improves business metrics including reduced maintenance overhead.","JavaScript, Python, React, REST API, Machine Learning"
"Engineer a robust cloud infrastructure infrastructure for cybersecurity applications to automate manual processes. Following reactive programming best practices, the system includes blockchain verification, addresses team skill development, and optimizes for outcomes like enhanced compliance status.","AWS, JavaScript, Python, Docker, React, Machine Learning"
"Design a next-generation digital platform framework for the media entertainment industry to improve product quality. Using continuous delivery pipeline techniques, the architecture provides intuitive user experience, handles change management, and improves business metrics including better user engagement.","JavaScript, React, Python, Machine Learning"
"Institute a cutting-edge API framework solution in the healthcare domain aimed at strengthen data governance. Based on infrastructure as code framework, this endeavor delivers mobile-optimized design, mitigates scalability challenges, and drives business value through enhanced compliance status.","AWS, JavaScript, Python, Docker, Data Analysis, REST API"
"Roll out an innovative real-time dashboard targeting financial services clients with the primary goal to automate manual processes. Built on test-driven development principles, the solution incorporates predictive analytics capabilities and navigates regulatory compliance requirements to deliver measurable outcomes including better user engagement.","JavaScript, Python, Data Analysis, React, Machine Learning"
"Build a robust monitoring solution infrastructure for manufacturing applications to improve data security measures. Following API-first methodology best practices, the system includes computer vision integration, addresses scalability challenges, and optimizes for outcomes like increased customer retention.","AWS, JavaScript, Python, Data Analysis, React, REST API"
"Build an innovative microservices architecture targeting travel hospitality clients with the primary goal to enhance customer engagement. Built on API-first methodology principles, the solution incorporates federated learning system and navigates data migration complexities to deliver measurable outcomes including reduced maintenance overhead.","JavaScript, Python, Microservices, Data Analysis, React, REST API"
"Engineer an enterprise-grade enterprise system for the agricultural technology market focused on accelerate decision-making processes. Employing agile development practices strategy, the implementation features quantum-resistant cryptography, manages vendor management, and targets key performance indicators such as better resource utilization.",Agile
"Engineer a cutting-edge data analytics solution in the insurance domain aimed at drive innovation initiatives. Based on cloud-native development framework, this endeavor delivers federated learning system, mitigates data privacy concerns, and drives business value through higher system availability.","AWS, Python, Docker, Data Analysis, Machine Learning"
"Engineer a comprehensive IoT ecosystem for the automotive industry sector designed to strengthen data governance. Leveraging test-driven development, this initiative will deliver responsive user interface while addressing technical debt resolution, ultimately achieving faster time-to-market.","Data Analysis, Python"
"Initiate a robust monitoring solution infrastructure for real estate applications to enhance scalability capabilities. Following functional programming paradigm best practices, the system includes real-time analytics dashboard, addresses user adoption strategies, and optimizes for outcomes like enhanced compliance status.","AWS, JavaScript, Python, Docker, Data Analysis, React"
"Construct a next-generation data analytics framework for the real estate industry to modernize legacy infrastructure. Using zero-trust security model techniques, the architecture provides automated workflow engine, handles documentation standards, and improves business metrics including reduced operational costs.","Data Analysis, AWS, Python, Docker"
"Deploy a scalable microservices architecture platform serving automotive industry organizations to automate manual processes. Utilizing microservices architecture methodology, this project introduces advanced security protocols while overcoming disaster recovery planning and demonstrating success through increased system reliability.","AWS, JavaScript, Microservices, Docker, React"
"Construct an innovative security framework targeting education technology clients with the primary goal to improve user experience. Built on functional programming paradigm principles, the solution incorporates advanced security protocols and navigates data privacy concerns to deliver measurable outcomes including better user engagement.","Data Analysis, JavaScript, React, Python"
"Launch a cutting-edge progressive web app solution in the non-profit domain aimed at enable real-time insights. Based on infrastructure as code framework, this endeavor delivers intuitive user experience, mitigates scalability challenges, and drives business value through better user engagement.","AWS, JavaScript, Python, Docker, React, Machine Learning"
"Construct a cutting-edge security framework solution in the automotive industry domain aimed at strengthen compliance protocols. Based on progressive enhancement framework, this endeavor delivers scalable infrastructure, mitigates aggressive timeline constraints, and drives business value through reduced maintenance overhead.","AWS, Machine Learning, Python, Docker"
"Formulate an innovative real-time dashboard targeting agricultural technology clients with the primary goal to increase market competitiveness. Built on microservices architecture principles, the solution incorporates federated learning system and navigates technical debt resolution to deliver measurable outcomes including better data accuracy.","JavaScript, Python, Microservices, Data Analysis, React"
"Pioneer an enterprise-grade enterprise system for the travel hospitality market focused on streamline operational workflows. Employing data mesh architecture strategy, the implementation features voice-enabled interactions, manages quality assurance processes, and targets key performance indicators such as enhanced data insights.","Data Analysis, Python"
"Pioneer a next-generation AI-powered tool framework for the media entertainment industry to improve data security measures. Using domain-driven design principles techniques, the architecture provides seamless third-party integrations, handles legacy system integration, and improves business metrics including improved security posture.","Data Analysis, Machine Learning, Python"
"Introduce a comprehensive cloud infrastructure for the cybersecurity sector designed to boost productivity metrics. Leveraging serverless computing framework, this initiative will deliver comprehensive reporting suite while addressing technology stack modernization, ultimately achieving reduced operational costs.","AWS, JavaScript, Python, Docker, Data Analysis, React"
"Formulate a next-generation IoT ecosystem framework for the non-profit industry to accelerate decision-making processes. Using data mesh architecture techniques, the architecture provides distributed ledger technology, handles legacy system integration, and improves business metrics including better decision support.","Data Analysis, Python"
"Construct an innovative compliance tool targeting automotive industry clients with the primary goal to enable real-time insights. Built on event-driven design patterns principles, the solution incorporates responsive user interface and navigates cross-team coordination to deliver measurable outcomes including increased customer retention.","JavaScript, React"
"Pioneer an enterprise-grade AI-powered tool for the insurance market focused on accelerate decision-making processes. Employing test-driven development strategy, the implementation features seamless third-party integrations, manages technology stack modernization, and targets key performance indicators such as improved team productivity.","Machine Learning, Python"
"Engineer a cutting-edge reporting system solution in the insurance domain aimed at strengthen data governance. Based on cloud-native development framework, this endeavor delivers advanced security protocols, mitigates cross-team coordination, and drives business value through enhanced data insights.","AWS, Python, Docker, Data Analysis, Machine Learning"
"Launch a scalable reporting system platform serving retail operations organizations to enhance scalability capabilities. Utilizing progressive enhancement methodology, this project introduces predictive analytics capabilities while overcoming cross-team coordination and demonstrating success through better data accuracy.","AWS, JavaScript, Python, Docker, Data Analysis, React"
"Deploy an intelligent mobile application ecosystem serving gaming needs to streamline operational workflows. Through continuous delivery pipeline implementation, the platform offers blockchain verification, resolves change management, and enhances operational efficiency via enhanced data insights.","JavaScript, Python, Data Analysis, React, Machine Learning"
"Construct a comprehensive security framework for the telecommunications sector designed to drive innovation initiatives. Leveraging component-based architecture, this initiative will deliver scalable infrastructure while addressing team skill development, ultimately achieving reduced maintenance overhead.","AWS, Machine Learning, Python, Docker"
"Construct a next-generation mobile application framework for the insurance industry to strengthen data governance. Using event-driven design patterns techniques, the architecture provides intuitive user experience, handles integration complexity, and improves business metrics including improved team productivity.","Data Analysis, JavaScript, React, Python"
"Implement an innovative progressive web app targeting manufacturing clients with the primary goal to boost productivity metrics. Built on reactive programming principles, the solution incorporates seamless third-party integrations and navigates vendor management to deliver measurable outcomes including reduced error rates.","JavaScript, React"
"Engineer a cutting-edge data analytics solution in the education technology domain aimed at expand service offerings. Based on progressive enhancement framework, this endeavor delivers scalable infrastructure, mitigates regulatory compliance requirements, and drives business value through better user engagement.","AWS, JavaScript, Python, Docker, Data Analysis, React"
"Implement an innovative AI-powered tool targeting education technology clients with the primary goal to expand service offerings. Built on machine learning pipelines principles, the solution incorporates quantum-resistant cryptography and navigates team skill development to deliver measurable outcomes including better decision support.","React, Machine Learning, JavaScript, Python"
"Create an enterprise-grade automation system for the e-commerce market focused on enhance scalability capabilities. Employing agile development practices strategy, the implementation features responsive user interface, manages quality assurance processes, and targets key performance indicators such as increased system reliability.",Agile
"Institute a cutting-edge AI-powered tool solution in the gaming domain aimed at strengthen data governance. Based on progressive enhancement framework, this endeavor delivers real-time analytics dashboard, mitigates vendor management, and drives business value through increased automation rate.","JavaScript, Python, Data Analysis, React, Machine Learning"
"Deploy a cutting-edge IoT ecosystem solution in the non-profit domain aimed at expand service offerings. Based on test-driven development framework, this endeavor delivers mobile-optimized design, mitigates quality assurance processes, and drives business value through enhanced data insights.","JavaScript, Python, Data Analysis, React, Machine Learning"
"Introduce an innovative security framework targeting pharmaceutical clients with the primary goal to reduce operational costs. Built on serverless computing framework principles, the solution incorporates seamless third-party integrations and navigates scalability challenges to deliver measurable outcomes including better resource utilization.","JavaScript, React"
"Create a next-generation blockchain network framework for the energy sector industry to strengthen compliance protocols. Using reactive programming techniques, the architecture provides predictive analytics capabilities, handles user adoption strategies, and improves business metrics including enhanced data insights.","Data Analysis, Machine Learning, Python"
"Establish a next-generation progressive web app framework for the telecommunications industry to reduce operational costs. Using data mesh architecture techniques, the architecture provides scalable infrastructure, handles user adoption strategies, and improves business metrics including enhanced data insights.","AWS, JavaScript, Python, Docker, Data Analysis, React"
"Deploy a cutting-edge API framework solution in the logistics domain aimed at strengthen compliance protocols. Based on test-driven development framework, this endeavor delivers blockchain verification, mitigates user adoption strategies, and drives business value through better decision support.","REST API, Machine Learning, Python"
"Formulate a cutting-edge API framework solution in the logistics domain aimed at automate manual processes. Based on continuous delivery pipeline framework, this endeavor delivers real-time analytics dashboard, mitigates budget allocation limitations, and drives business value through improved security posture.","JavaScript, Python, Data Analysis, React, REST API, Machine Learning"
"Initiate a cutting-edge monitoring solution solution in the non-profit domain aimed at increase market competitiveness. Based on agile development practices framework, this endeavor delivers federated learning system, mitigates change management, and drives business value through better decision support.","Machine Learning, Python, Agile"
"Implement a comprehensive progressive web app for the pharmaceutical sector designed to expand service offerings. Leveraging continuous delivery pipeline, this initiative will deliver federated learning system while addressing documentation standards, ultimately achieving reduced maintenance overhead.","JavaScript, React, Python, Machine Learning"
"Deploy a scalable cloud infrastructure platform serving pharmaceutical organizations to improve data security measures. Utilizing containerization strategy methodology, this project introduces AI-assisted functionality while overcoming scalability challenges and demonstrating success through better data accuracy.","AWS, JavaScript, Python, Docker, Data Analysis, React"
"Construct a comprehensive microservices architecture for the gaming sector designed to optimize supply chain. Leveraging continuous delivery pipeline, this initiative will deliver distributed ledger technology while addressing change management, ultimately achieving better resource utilization.","Python, Microservices, Machine Learning"
"Launch a cutting-edge microservices architecture solution in the automotive industry domain aimed at expand service offerings. Based on progressive enhancement framework, this endeavor delivers blockchain verification, mitigates user adoption strategies, and drives business value through improved security posture.","Python, Microservices, Machine Learning"
"Construct an intelligent security framework ecosystem serving healthcare needs to drive innovation initiatives. Through cloud-native development implementation, the platform offers edge computing capabilities, resolves integration complexity, and enhances operational efficiency via improved system performance.","AWS, JavaScript, Python, Docker, React, Machine Learning"
"Initiate a scalable enterprise system platform serving e-commerce organizations to improve product quality. Utilizing containerization strategy methodology, this project introduces distributed ledger technology while overcoming data migration complexities and demonstrating success through reduced error rates.","AWS, JavaScript, Python, Docker, Data Analysis, React"
"Formulate a robust IoT ecosystem infrastructure for automotive industry applications to automate manual processes. Following API-first methodology best practices, the system includes AI-assisted functionality, addresses performance optimization, and optimizes for outcomes like higher system availability.","AWS, JavaScript, Python, Docker, React, REST API"
"Construct an enterprise-grade digital platform for the financial services market focused on expand service offerings. Employing test-driven development strategy, the implementation features augmented reality features, manages cross-team coordination, and targets key performance indicators such as increased customer retention.","JavaScript, React"
"Design a comprehensive AI-powered tool for the logistics sector designed to increase market competitiveness. Leveraging domain-driven design principles, this initiative will deliver scalable infrastructure while addressing data migration complexities, ultimately achieving improved system performance.","AWS, Python, Docker, Data Analysis, Machine Learning"
"Construct an enterprise-grade AI-powered tool for the energy sector market focused on strengthen compliance protocols. Employing serverless computing framework strategy, the implementation features augmented reality features, manages vendor management, and targets key performance indicators such as faster time-to-market.","Machine Learning, Python"
"Develop an enterprise-grade automation system for the energy sector market focused on improve user experience. Employing cloud-native development strategy, the implementation features natural language processing, manages technology stack modernization, and targets key performance indicators such as reduced maintenance overhead.","AWS, Machine Learning, Python, Docker"
"Introduce a robust reporting system infrastructure for government applications to accelerate decision-making processes. Following serverless computing framework best practices, the system includes intuitive user experience, addresses data migration complexities, and optimizes for outcomes like improved team productivity.","AWS, JavaScript, Python, Docker, Data Analysis, React"
"Introduce a comprehensive API framework for the pharmaceutical sector designed to modernize legacy infrastructure. Leveraging reactive programming, this initiative will deliver responsive user interface while addressing technology stack modernization, ultimately achieving improved system performance.","AWS, REST API, Docker"
"Deploy a comprehensive enterprise system for the agricultural technology sector designed to strengthen compliance protocols. Leveraging DevOps implementation, this initiative will deliver seamless third-party integrations while addressing data privacy concerns, ultimately achieving improved team productivity.","Data Analysis, CI/CD, Python"
"Launch a comprehensive reporting system for the financial services sector designed to improve data security measures. Leveraging reactive programming, this initiative will deliver advanced security protocols while addressing cross-team coordination, ultimately achieving improved team productivity.","Data Analysis, Python"
"Formulate a scalable data analytics platform serving telecommunications organizations to drive innovation initiatives. Utilizing API-first methodology methodology, this project introduces scalable infrastructure while overcoming integration complexity and demonstrating success through increased processing speed.","AWS, JavaScript, Python, Data Analysis, React, REST API"
"Initiate an intelligent digital platform ecosystem serving financial services needs to boost productivity metrics. Through microservices architecture implementation, the platform offers computer vision integration, resolves regulatory compliance requirements, and enhances operational efficiency via better data accuracy.","JavaScript, Python, Microservices, Data Analysis, React, Machine Learning"
"Develop a next-generation API framework framework for the education technology industry to optimize resource allocation. Using responsive design system techniques, the architecture provides seamless third-party integrations, handles data migration complexities, and improves business metrics including improved team productivity.","Data Analysis, REST API, Python"
"Pioneer an innovative security framework targeting insurance clients with the primary goal to improve data security measures. Built on test-driven development principles, the solution incorporates distributed ledger technology and navigates integration complexity to deliver measurable outcomes including better user engagement.","Data Analysis, JavaScript, React, Python"
"Design an enterprise-grade blockchain network for the e-commerce market focused on accelerate decision-making processes. Employing zero-trust security model strategy, the implementation features predictive analytics capabilities, manages disaster recovery planning, and targets key performance indicators such as increased processing speed.","Data Analysis, Machine Learning, Python"
"Design a comprehensive microservices architecture for the agricultural technology sector designed to facilitate global expansion. Leveraging API-first methodology, this initiative will deliver quantum-resistant cryptography while addressing regulatory compliance requirements, ultimately achieving reduced maintenance overhead.","JavaScript, Python, Microservices, React, REST API, Machine Learning"
"Launch an enterprise-grade progressive web app for the media entertainment market focused on streamline operational workflows. Employing machine learning pipelines strategy, the implementation features computer vision integration, manages team skill development, and targets key performance indicators such as improved scalability.","React, Machine Learning, JavaScript, Python"
"Engineer a scalable monitoring solution platform serving automotive industry organizations to accelerate decision-making processes. Utilizing continuous delivery pipeline methodology, this project introduces edge computing capabilities while overcoming user adoption strategies and demonstrating success through enhanced compliance status.","AWS, JavaScript, React, Docker"
"Introduce an innovative IoT ecosystem targeting e-commerce clients with the primary goal to facilitate global expansion. Built on responsive design system principles, the solution incorporates real-time analytics dashboard and navigates quality assurance processes to deliver measurable outcomes including better data accuracy.","Data Analysis, JavaScript, React, Python"
"Roll out an intelligent machine learning model ecosystem serving automotive industry needs to enable real-time insights. Through functional programming paradigm implementation, the platform offers seamless third-party integrations, resolves change management, and enhances operational efficiency via higher system availability.","React, Machine Learning, JavaScript, Python"
"Establish a comprehensive API framework for the government sector designed to strengthen data governance. Leveraging API-first methodology, this initiative will deliver quantum-resistant cryptography while addressing change management, ultimately achieving enhanced data insights.","Data Analysis, REST API, Python"
"Launch an intelligent cloud infrastructure ecosystem serving telecommunications needs to strengthen data governance. Through DevOps implementation implementation, the platform offers advanced security protocols, resolves quality assurance processes, and enhances operational efficiency via better user engagement.","AWS, JavaScript, Python, Data Analysis, React, CI/CD"
"Introduce an innovative real-time dashboard targeting pharmaceutical clients with the primary goal to automate manual processes. Built on test-driven development principles, the solution incorporates advanced security protocols and navigates security vulnerability mitigation to deliver measurable outcomes including improved system performance.","JavaScript, React"
"Formulate an intelligent mobile application ecosystem serving logistics needs to enhance scalability capabilities. Through serverless computing framework implementation, the platform offers comprehensive reporting suite, resolves data privacy concerns, and enhances operational efficiency via higher system availability.","JavaScript, Python, Data Analysis, React, Machine Learning"
"Engineer a scalable mobile application platform serving real estate organizations to accelerate decision-making processes. Utilizing machine learning pipelines methodology, this project introduces advanced security protocols while overcoming budget allocation limitations and demonstrating success through better decision support.","AWS, JavaScript, Python, Docker, React, Machine Learning"
"Pioneer a scalable blockchain network platform serving automotive industry organizations to strengthen compliance protocols. Utilizing event-driven design patterns methodology, this project introduces distributed ledger technology while overcoming disaster recovery planning and demonstrating success through better decision support.","AWS, JavaScript, Python, Docker, React, Machine Learning"
"Create an innovative automation system targeting agricultural technology clients with the primary goal to improve product quality. Built on serverless computing framework principles, the solution incorporates computer vision integration and navigates security vulnerability mitigation to deliver measurable outcomes including faster time-to-market.","JavaScript, React"
"Formulate an intelligent software solution ecosystem serving manufacturing needs to modernize legacy infrastructure. Through continuous delivery pipeline implementation, the platform offers mobile-optimized design, resolves change management, and enhances operational efficiency via enhanced compliance status.","AWS, JavaScript, Python, Docker, React, Machine Learning"
"Pioneer an innovative blockchain network targeting gaming clients with the primary goal to enhance scalability capabilities. Built on DevOps implementation principles, the solution incorporates quantum-resistant cryptography and navigates scalability challenges to deliver measurable outcomes including increased customer retention.","JavaScript, Python, React, CI/CD, Machine Learning"
"Create an intelligent reporting system ecosystem serving manufacturing needs to improve product quality. Through event-driven design patterns implementation, the platform offers responsive user interface, resolves technical debt resolution, and enhances operational efficiency via improved scalability.","JavaScript, Python, Data Analysis, React, Machine Learning"
"Construct an innovative real-time dashboard targeting financial services clients with the primary goal to increase market competitiveness. Built on machine learning pipelines principles, the solution incorporates scalable infrastructure and navigates legacy system integration to deliver measurable outcomes including enhanced compliance status.","AWS, JavaScript, Python, Docker, React, Machine Learning"
"Roll out a cutting-edge API framework solution in the education technology domain aimed at modernize legacy infrastructure. Based on progressive enhancement framework, this endeavor delivers automated workflow engine, mitigates user adoption strategies, and drives business value through better decision support.","AWS, Python, Docker, REST API, Machine Learning"
"Roll out an enterprise-grade data analytics for the pharmaceutical market focused on optimize resource allocation. Employing test-driven development strategy, the implementation features blockchain verification, manages disaster recovery planning, and targets key performance indicators such as reduced error rates.","Data Analysis, Machine Learning, Python"
"Pioneer a next-generation data analytics framework for the real estate industry to increase market competitiveness. Using continuous delivery pipeline techniques, the architecture provides computer vision integration, handles integration complexity, and improves business metrics including enhanced compliance status.","Data Analysis, Python"
"Establish a scalable reporting system platform serving retail operations organizations to drive innovation initiatives. Utilizing functional programming paradigm methodology, this project introduces predictive analytics capabilities while overcoming quality assurance processes and demonstrating success through reduced error rates.","AWS, JavaScript, Python, Docker, Data Analysis, React"
"Engineer an innovative mobile application targeting media entertainment clients with the primary goal to optimize supply chain. Built on infrastructure as code principles, the solution incorporates voice-enabled interactions and navigates cross-team coordination to deliver measurable outcomes including reduced maintenance overhead.","AWS, JavaScript, Python, Docker, React, Machine Learning"
"Institute an enterprise-grade software solution for the education technology market focused on optimize supply chain. Employing API-first methodology strategy, the implementation features mobile-optimized design, manages legacy system integration, and targets key performance indicators such as improved team productivity.","JavaScript, Python, React, REST API, Machine Learning"
"Design an intelligent digital platform ecosystem serving retail operations needs to expand service offerings. Through microservices architecture implementation, the platform offers federated learning system, resolves team skill development, and enhances operational efficiency via better decision support.","JavaScript, Python, Microservices, React, Machine Learning"
"Construct a robust IoT ecosystem infrastructure for travel hospitality applications to modernize legacy infrastructure. Following responsive design system best practices, the system includes blockchain verification, addresses integration complexity, and optimizes for outcomes like faster time-to-market.","AWS, JavaScript, Python, Docker, React, Machine Learning"
"Create a robust compliance tool infrastructure for pharmaceutical applications to optimize supply chain. Following test-driven development best practices, the system includes responsive user interface, addresses disaster recovery planning, and optimizes for outcomes like faster time-to-market.","AWS, JavaScript, Python, Docker, React, Machine Learning"
"Institute a comprehensive integration hub for the automotive industry sector designed to enhance scalability capabilities. Leveraging machine learning pipelines, this initiative will deliver augmented reality features while addressing performance optimization, ultimately achieving higher system availability.","Machine Learning, Python"
"Build a next-generation API framework framework for the e-commerce industry to modernize legacy infrastructure. Using machine learning pipelines techniques, the architecture provides mobile-optimized design, handles legacy system integration, and improves business metrics including better user engagement.","AWS, JavaScript, Python, Docker, React, REST API"
"Construct a robust machine learning model infrastructure for media entertainment applications to expand service offerings. Following machine learning pipelines best practices, the system includes edge computing capabilities, addresses scalability challenges, and optimizes for outcomes like better data accuracy.","AWS, JavaScript, Python, Data Analysis, React, Machine Learning"
"Build a scalable compliance tool platform serving agricultural technology organizations to reduce operational costs. Utilizing agile development practices methodology, this project introduces comprehensive reporting suite while overcoming disaster recovery planning and demonstrating success through higher system availability.","AWS, JavaScript, Python, Data Analysis, React, Agile"
"Construct a scalable reporting system platform serving real estate organizations to enable real-time insights. Utilizing zero-trust security model methodology, this project introduces computer vision integration while overcoming cross-team coordination and demonstrating success through enhanced compliance status.","AWS, JavaScript, Python, Docker, Data Analysis, React"
"Build a robust data analytics infrastructure for insurance applications to improve user experience. Following agile development practices best practices, the system includes comprehensive reporting suite, addresses integration complexity, and optimizes for outcomes like reduced operational costs.","AWS, JavaScript, Python, Data Analysis, React, Agile"
"Construct a comprehensive software solution for the travel hospitality sector designed to accelerate decision-making processes. Leveraging serverless computing framework, this initiative will deliver real-time analytics dashboard while addressing change management, ultimately achieving improved system performance.","Data Analysis, JavaScript, React, Python"
"Establish a scalable integration hub platform serving pharmaceutical organizations to reduce operational costs. Utilizing functional programming paradigm methodology, this project introduces intuitive user experience while overcoming integration complexity and demonstrating success through increased processing speed.","AWS, JavaScript, React, Docker"
"Institute an innovative digital platform targeting cybersecurity clients with the primary goal to enhance customer engagement. Built on functional programming paradigm principles, the solution incorporates responsive user interface and navigates security vulnerability mitigation to deliver measurable outcomes including better resource utilization.","JavaScript, React"
"Pioneer an intelligent AI-powered tool ecosystem serving cybersecurity needs to improve data security measures. Through data mesh architecture implementation, the platform offers AI-assisted functionality, resolves technology stack modernization, and enhances operational efficiency via reduced error rates.","JavaScript, Python, Data Analysis, React, Machine Learning"
"Roll out a comprehensive mobile application for the education technology sector designed to enhance scalability capabilities. Leveraging agile development practices, this initiative will deliver voice-enabled interactions while addressing regulatory compliance requirements, ultimately achieving improved scalability.","JavaScript, React, Agile"
"Introduce a cutting-edge reporting system solution in the gaming domain aimed at optimize supply chain. Based on reactive programming framework, this endeavor delivers voice-enabled interactions, mitigates quality assurance processes, and drives business value through improved security posture.","Data Analysis, Machine Learning, Python"
"Formulate a next-generation progressive web app framework for the e-commerce industry to enhance scalability capabilities. Using microservices architecture techniques, the architecture provides computer vision integration, handles data migration complexities, and improves business metrics including enhanced compliance status.","JavaScript, Python, Microservices, Data Analysis, React"
"Establish a comprehensive enterprise system for the retail operations sector designed to improve product quality. Leveraging machine learning pipelines, this initiative will deliver distributed ledger technology while addressing aggressive timeline constraints, ultimately achieving enhanced compliance status.","Machine Learning, Python"
"Construct a comprehensive software solution for the agricultural technology sector designed to drive innovation initiatives. Leveraging reactive programming, this initiative will deliver scalable infrastructure while addressing change management, ultimately achieving improved scalability.","AWS, Docker"
"Build an intelligent AI-powered tool ecosystem serving pharmaceutical needs to increase market competitiveness. Through machine learning pipelines implementation, the platform offers federated learning system, resolves legacy system integration, and enhances operational efficiency via enhanced user satisfaction.","React, Machine Learning, JavaScript, Python"
"Launch an enterprise-grade progressive web app for the education technology market focused on facilitate global expansion. Employing zero-trust security model strategy, the implementation features automated workflow engine, manages cross-team coordination, and targets key performance indicators such as better data accuracy.","Data Analysis, JavaScript, React, Python"
"Formulate a cutting-edge digital platform solution in the agricultural technology domain aimed at enable real-time insights. Based on zero-trust security model framework, this endeavor delivers mobile-optimized design, mitigates budget allocation limitations, and drives business value through improved team productivity.","JavaScript, React, Python, Machine Learning"
"Build a robust cloud infrastructure infrastructure for manufacturing applications to reduce operational costs. Following component-based architecture best practices, the system includes seamless third-party integrations, addresses aggressive timeline constraints, and optimizes for outcomes like reduced error rates.","AWS, JavaScript, Python, Docker, React, Machine Learning"
"Engineer an enterprise-grade cloud infrastructure for the manufacturing market focused on improve user experience. Employing agile development practices strategy, the implementation features seamless third-party integrations, manages quality assurance processes, and targets key performance indicators such as improved team productivity.","AWS, Docker, Agile"
"Construct a robust software solution infrastructure for real estate applications to reduce operational costs. Following containerization strategy best practices, the system includes seamless third-party integrations, addresses technical debt resolution, and optimizes for outcomes like increased automation rate.","AWS, JavaScript, Python, Docker, React, Machine Learning"
"Initiate a robust software solution infrastructure for gaming applications to streamline operational workflows. Following API-first methodology best practices, the system includes AI-assisted functionality, addresses vendor management, and optimizes for outcomes like higher system availability.","AWS, JavaScript, Python, Docker, React, REST API"
"Introduce a next-generation enterprise system framework for the education technology industry to reduce operational costs. Using agile development practices techniques, the architecture provides AI-assisted functionality, handles technology stack modernization, and improves business metrics including improved system performance.","Machine Learning, Python, Agile"
"Construct a comprehensive microservices architecture for the healthcare sector designed to accelerate decision-making processes. Leveraging containerization strategy, this initiative will deliver augmented reality features while addressing change management, ultimately achieving reduced error rates.","Python, Microservices, Machine Learning"
"Create an innovative blockchain network targeting financial services clients with the primary goal to improve user experience. Built on microservices architecture principles, the solution incorporates quantum-resistant cryptography and navigates regulatory compliance requirements to deliver measurable outcomes including reduced maintenance overhead.","JavaScript, Python, Microservices, React, Machine Learning"
"Pioneer a next-generation reporting system framework for the real estate industry to strengthen compliance protocols. Using data mesh architecture techniques, the architecture provides voice-enabled interactions, handles technology stack modernization, and improves business metrics including faster time-to-market.","Data Analysis, Python"
"Construct a scalable API framework platform serving education technology organizations to improve data security measures. Utilizing domain-driven design principles methodology, this project introduces scalable infrastructure while overcoming data privacy concerns and demonstrating success through increased customer retention.","AWS, JavaScript, Python, Data Analysis, React, REST API"
"Institute an intelligent real-time dashboard ecosystem serving non-profit needs to expand service offerings. Through zero-trust security model implementation, the platform offers advanced security protocols, resolves integration complexity, and enhances operational efficiency via improved security posture.","JavaScript, React, Python, Machine Learning"
"Institute an enterprise-grade API framework for the media entertainment market focused on boost productivity metrics. Employing zero-trust security model strategy, the implementation features advanced security protocols, manages change management, and targets key performance indicators such as improved security posture.","REST API, Machine Learning, Python"
"Construct an innovative real-time dashboard targeting travel hospitality clients with the primary goal to strengthen compliance protocols. Built on agile development practices principles, the solution incorporates voice-enabled interactions and navigates cross-team coordination to deliver measurable outcomes including improved team productivity.","JavaScript, React, Agile"
"Establish a next-generation microservices architecture framework for the non-profit industry to reduce operational costs. Using zero-trust security model techniques, the architecture provides edge computing capabilities, handles scalability challenges, and improves business metrics including higher system availability.","Python, Microservices, Machine Learning"
"Construct a scalable reporting system platform serving energy sector organizations to improve data security measures. Utilizing responsive design system methodology, this project introduces AI-assisted functionality while overcoming technology stack modernization and demonstrating success through faster time-to-market.","AWS, JavaScript, Python, Docker, Data Analysis, React"
"Build a robust enterprise system infrastructure for financial services applications to streamline operational workflows. Following cloud-native development best practices, the system includes AI-assisted functionality, addresses performance optimization, and optimizes for outcomes like enhanced compliance status.","AWS, JavaScript, Python, Docker, React, Machine Learning"
"Initiate an innovative reporting system targeting automotive industry clients with the primary goal to enhance scalability capabilities. Built on test-driven development principles, the solution incorporates scalable infrastructure and navigates security vulnerability mitigation to deliver measurable outcomes including better resource utilization.","AWS, JavaScript, Python, Docker, Data Analysis, React"
"Construct an enterprise-grade integration hub for the agricultural technology market focused on reduce operational costs. Employing functional programming paradigm strategy, the implementation features distributed ledger technology, manages team skill development, and targets key performance indicators such as increased customer retention.",
"Construct a next-generation security framework framework for the real estate industry to enhance scalability capabilities. Using serverless computing framework techniques, the architecture provides real-time analytics dashboard, handles documentation standards, and improves business metrics including improved scalability.","Data Analysis, JavaScript, React, Python"
"Initiate an intelligent enterprise system ecosystem serving travel hospitality needs to optimize resource allocation. Through serverless computing framework implementation, the platform offers advanced security protocols, resolves disaster recovery planning, and enhances operational efficiency via better resource utilization.","JavaScript, React, Python, Machine Learning"
"Roll out a robust integration hub infrastructure for pharmaceutical applications to streamline operational workflows. Following data mesh architecture best practices, the system includes quantum-resistant cryptography, addresses scalability challenges, and optimizes for outcomes like higher system availability.","AWS, JavaScript, Python, Docker, Data Analysis, React"
"Initiate a robust data analytics infrastructure for healthcare applications to expand service offerings. Following domain-driven design principles best practices, the system includes mobile-optimized design, addresses technology stack modernization, and optimizes for outcomes like increased automation rate.","AWS, JavaScript, Python, Docker, Data Analysis, React"
"Develop an intelligent reporting system ecosystem serving financial services needs to strengthen compliance protocols. Through zero-trust security model implementation, the platform offers intuitive user experience, resolves team skill development, and enhances operational efficiency via reduced maintenance overhead.","JavaScript, Python, Data Analysis, React, Machine Learning"
"Formulate a cutting-edge microservices architecture solution in the logistics domain aimed at facilitate global expansion. Based on continuous delivery pipeline framework, this endeavor delivers distributed ledger technology, mitigates budget allocation limitations, and drives business value through improved team productivity.","Python, Microservices, Machine Learning"
"Design an enterprise-grade cloud infrastructure for the education technology market focused on optimize resource allocation. Employing serverless computing framework strategy, the implementation features blockchain verification, manages performance optimization, and targets key performance indicators such as better data accuracy.","AWS, Python, Docker, Data Analysis, Machine Learning"
"Design a scalable reporting system platform serving automotive industry organizations to boost productivity metrics. Utilizing event-driven design patterns methodology, this project introduces federated learning system while overcoming data migration complexities and demonstrating success through enhanced user satisfaction.","AWS, JavaScript, Python, Docker, Data Analysis, React"
"Formulate an enterprise-grade blockchain network for the energy sector market focused on enhance customer engagement. Employing containerization strategy strategy, the implementation features voice-enabled interactions, manages user adoption strategies, and targets key performance indicators such as enhanced data insights.","Data Analysis, Machine Learning, Python"
"Implement a cutting-edge automation system solution in the telecommunications domain aimed at drive innovation initiatives. Based on microservices architecture framework, this endeavor delivers seamless third-party integrations, mitigates aggressive timeline constraints, and drives business value through improved security posture.","Python, Microservices, Machine Learning"
"Establish an intelligent data analytics ecosystem serving media entertainment needs to expand service offerings. Through serverless computing framework implementation, the platform offers voice-enabled interactions, resolves documentation standards, and enhances operational efficiency via better resource utilization.","JavaScript, Python, Data Analysis, React, Machine Learning"
"Construct an innovative compliance tool targeting financial services clients with the primary goal to modernize legacy infrastructure. Built on domain-driven design principles principles, the solution incorporates scalable infrastructure and navigates performance optimization to deliver measurable outcomes including enhanced user satisfaction.","AWS, JavaScript, Python, Docker, React, Machine Learning"
"Build a robust microservices architecture infrastructure for gaming applications to facilitate global expansion. Following data mesh architecture best practices, the system includes seamless third-party integrations, addresses documentation standards, and optimizes for outcomes like increased customer retention.","AWS, JavaScript, Python, Microservices, Data Analysis, React"
"Initiate an intelligent monitoring solution ecosystem serving energy sector needs to expand service offerings. Through machine learning pipelines implementation, the platform offers scalable infrastructure, resolves regulatory compliance requirements, and enhances operational efficiency via improved scalability.","AWS, JavaScript, Python, Docker, React, Machine Learning"
"Institute an intelligent mobile application ecosystem serving logistics needs to improve user experience. Through responsive design system implementation, the platform offers real-time analytics dashboard, resolves cross-team coordination, and enhances operational efficiency via enhanced compliance status.","JavaScript, Python, Data Analysis, React, Machine Learning"
"Launch a next-generation mobile application framework for the gaming industry to reduce operational costs. Using agile development practices techniques, the architecture provides responsive user interface, handles legacy system integration, and improves business metrics including reduced maintenance overhead.","JavaScript, Python, React, Agile, Machine Learning"
"Launch a next-generation machine learning model framework for the non-profit industry to modernize legacy infrastructure. Using DevOps implementation techniques, the architecture provides intuitive user experience, handles team skill development, and improves business metrics including better user engagement.","AWS, JavaScript, Python, Docker, React, CI/CD"
"Build a next-generation microservices architecture framework for the pharmaceutical industry to strengthen data governance. Using domain-driven design principles techniques, the architecture provides advanced security protocols, handles technical debt resolution, and improves business metrics including enhanced data insights.","JavaScript, Python, Microservices, Data Analysis, React, Machine Learning"
"Initiate a cutting-edge machine learning model solution in the cybersecurity domain aimed at enable real-time insights. Based on data mesh architecture framework, this endeavor delivers responsive user interface, mitigates disaster recovery planning, and drives business value through better data accuracy.","Data Analysis, Machine Learning, Python"
"Develop a robust automation system infrastructure for travel hospitality applications to enable real-time insights. Following DevOps implementation best practices, the system includes intuitive user experience, addresses user adoption strategies, and optimizes for outcomes like faster time-to-market.","AWS, JavaScript, Docker, React, CI/CD"
"Establish an enterprise-grade mobile application for the media entertainment market focused on improve product quality. Employing DevOps implementation strategy, the implementation features quantum-resistant cryptography, manages disaster recovery planning, and targets key performance indicators such as faster time-to-market.","JavaScript, Python, React, CI/CD, Machine Learning"
"Design a cutting-edge integration hub solution in the media entertainment domain aimed at optimize resource allocation. Based on reactive programming framework, this endeavor delivers computer vision integration, mitigates technology stack modernization, and drives business value through better user engagement.","Machine Learning, Python"
"Implement a next-generation security framework framework for the education technology industry to expand service offerings. Using microservices architecture techniques, the architecture provides AI-assisted functionality, handles integration complexity, and improves business metrics including better user engagement.","Python, Microservices, Machine Learning"
"Establish a cutting-edge integration hub solution in the cybersecurity domain aimed at accelerate decision-making processes. Based on domain-driven design principles framework, this endeavor delivers automated workflow engine, mitigates budget allocation limitations, and drives business value through enhanced data insights.","Data Analysis, Machine Learning, Python"
"Establish a next-generation mobile application framework for the retail operations industry to streamline operational workflows. Using microservices architecture techniques, the architecture provides augmented reality features, handles performance optimization, and improves business metrics including improved scalability.","JavaScript, Python, Microservices, React, Machine Learning"
"Initiate a cutting-edge cloud infrastructure solution in the insurance domain aimed at automate manual processes. Based on continuous delivery pipeline framework, this endeavor delivers intuitive user experience, mitigates disaster recovery planning, and drives business value through better decision support.","AWS, JavaScript, Python, Docker, React, Machine Learning"
"Initiate a comprehensive monitoring solution for the pharmaceutical sector designed to facilitate global expansion. Leveraging API-first methodology, this initiative will deliver AI-assisted functionality while addressing data privacy concerns, ultimately achieving reduced error rates.","Data Analysis, REST API, Machine Learning, Python"
"Deploy a next-generation microservices architecture framework for the gaming industry to improve product quality. Using cloud-native development techniques, the architecture provides edge computing capabilities, handles regulatory compliance requirements, and improves business metrics including better data accuracy.","AWS, JavaScript, Python, Microservices, Data Analysis, React"
"Construct an innovative enterprise system targeting travel hospitality clients with the primary goal to facilitate global expansion. Built on test-driven development principles, the solution incorporates seamless third-party integrations and navigates scalability challenges to deliver measurable outcomes including enhanced compliance status.","JavaScript, React"
"Design an enterprise-grade monitoring solution for the e-commerce market focused on increase market competitiveness. Employing progressive enhancement strategy, the implementation features scalable infrastructure, manages data migration complexities, and targets key performance indicators such as increased customer retention.","Data Analysis, AWS, Python, Docker"
"Implement a robust software solution infrastructure for education technology applications to expand service offerings. Following API-first methodology best practices, the system includes advanced security protocols, addresses change management, and optimizes for outcomes like enhanced compliance status.","AWS, JavaScript, Docker, React, REST API"
"Develop an enterprise-grade real-time dashboard for the non-profit market focused on optimize resource allocation. Employing cloud-native development strategy, the implementation features intuitive user experience, manages documentation standards, and targets key performance indicators such as enhanced user satisfaction.","AWS, JavaScript, React, Docker"
"Introduce a cutting-edge data analytics solution in the real estate domain aimed at increase market competitiveness. Based on API-first methodology framework, this endeavor delivers distributed ledger technology, mitigates legacy system integration, and drives business value through better user engagement.","Data Analysis, REST API, Machine Learning, Python"
"Engineer a next-generation microservices architecture framework for the energy sector industry to boost productivity metrics. Using continuous delivery pipeline techniques, the architecture provides voice-enabled interactions, handles data migration complexities, and improves business metrics including better resource utilization.","Data Analysis, Python, Microservices"
"Create an enterprise-grade software solution for the real estate market focused on accelerate decision-making processes. Employing agile development practices strategy, the implementation features intuitive user experience, manages documentation standards, and targets key performance indicators such as better resource utilization.","JavaScript, React, Agile"
"Engineer a robust AI-powered tool infrastructure for government applications to streamline operational workflows. Following domain-driven design principles best practices, the system includes real-time analytics dashboard, addresses budget allocation limitations, and optimizes for outcomes like higher system availability.","AWS, JavaScript, Python, Docker, Data Analysis, React"
"Pioneer an innovative security framework targeting non-profit clients with the primary goal to strengthen data governance. Built on domain-driven design principles principles, the solution incorporates comprehensive reporting suite and navigates performance optimization to deliver measurable outcomes including better user engagement.","JavaScript, Python, Data Analysis, React, Machine Learning"
"Deploy an enterprise-grade automation system for the real estate market focused on improve product quality. Employing serverless computing framework strategy, the implementation features responsive user interface, manages regulatory compliance requirements, and targets key performance indicators such as improved scalability.","JavaScript, React"
"Develop an enterprise-grade machine learning model for the healthcare market focused on accelerate decision-making processes. Employing domain-driven design principles strategy, the implementation features advanced security protocols, manages vendor management, and targets key performance indicators such as better decision support.","Machine Learning, Python"
"Build a next-generation blockchain network framework for the automotive industry industry to improve product quality. Using functional programming paradigm techniques, the architecture provides mobile-optimized design, handles vendor management, and improves business metrics including improved system performance.","JavaScript, React, Python, Machine Learning"
"Develop a comprehensive software solution for the pharmaceutical sector designed to enable real-time insights. Leveraging progressive enhancement, this initiative will deliver augmented reality features while addressing aggressive timeline constraints, ultimately achieving improved system performance.","Machine Learning, Python"
"Develop an intelligent IoT ecosystem ecosystem serving energy sector needs to expand service offerings. Through progressive enhancement implementation, the platform offers real-time analytics dashboard, resolves regulatory compliance requirements, and enhances operational efficiency via increased system reliability.","JavaScript, Python, Data Analysis, React, Machine Learning"
"Build a robust integration hub infrastructure for travel hospitality applications to automate manual processes. Following component-based architecture best practices, the system includes distributed ledger technology, addresses aggressive timeline constraints, and optimizes for outcomes like improved scalability.","AWS, JavaScript, Python, Docker, React, Machine Learning"
"Launch a next-generation reporting system framework for the real estate industry to facilitate global expansion. Using progressive enhancement techniques, the architecture provides blockchain verification, handles security vulnerability mitigation, and improves business metrics including better data accuracy.","Data Analysis, Machine Learning, Python"
"Design a robust microservices architecture infrastructure for travel hospitality applications to automate manual processes. Following progressive enhancement best practices, the system includes distributed ledger technology, addresses aggressive timeline constraints, and optimizes for outcomes like enhanced user satisfaction.","AWS, JavaScript, Microservices, Docker, Python, React"
"Establish an innovative progressive web app targeting e-commerce clients with the primary goal to enable real-time insights. Built on event-driven design patterns principles, the solution incorporates edge computing capabilities and navigates quality assurance processes to deliver measurable outcomes including enhanced user satisfaction.","JavaScript, React"
"Pioneer an enterprise-grade cloud infrastructure for the media entertainment market focused on facilitate global expansion. Employing functional programming paradigm strategy, the implementation features voice-enabled interactions, manages change management, and targets key performance indicators such as reduced maintenance overhead.","AWS, Machine Learning, Python, Docker"
"Establish an enterprise-grade digital platform for the government market focused on accelerate decision-making processes. Employing component-based architecture strategy, the implementation features advanced security protocols, manages performance optimization, and targets key performance indicators such as better resource utilization.","JavaScript, React"
"Develop an innovative digital platform targeting financial services clients with the primary goal to strengthen compliance protocols. Built on event-driven design patterns principles, the solution incorporates intuitive user experience and navigates aggressive timeline constraints to deliver measurable outcomes including reduced operational costs.","JavaScript, React, Python, Machine Learning"
"Deploy a next-generation microservices architecture framework for the real estate industry to facilitate global expansion. Using agile development practices techniques, the architecture provides predictive analytics capabilities, handles scalability challenges, and improves business metrics including better user engagement.","Python, Microservices, Data Analysis, Agile, Machine Learning"
"Initiate an intelligent API framework ecosystem serving financial services needs to modernize legacy infrastructure. Through component-based architecture implementation, the platform offers voice-enabled interactions, resolves quality assurance processes, and enhances operational efficiency via increased processing speed.","AWS, JavaScript, Python, Docker, React, REST API"
"Implement an enterprise-grade security framework for the e-commerce market focused on enhance scalability capabilities. Employing continuous delivery pipeline strategy, the implementation features distributed ledger technology, manages performance optimization, and targets key performance indicators such as reduced operational costs.",
"Pioneer an intelligent software solution ecosystem serving media entertainment needs to strengthen compliance protocols. Through functional programming paradigm implementation, the platform offers natural language processing, resolves budget allocation limitations, and enhances operational efficiency via better user engagement.","JavaScript, React, Python, Machine Learning"
"Introduce a cutting-edge data analytics solution in the automotive industry domain aimed at modernize legacy infrastructure. Based on machine learning pipelines framework, this endeavor delivers voice-enabled interactions, mitigates quality assurance processes, and drives business value through enhanced user satisfaction.","AWS, Python, Docker, Data Analysis, Machine Learning"
"Launch an innovative software solution targeting retail operations clients with the primary goal to strengthen data governance. Built on test-driven development principles, the solution incorporates augmented reality features and navigates data migration complexities to deliver measurable outcomes including better data accuracy.","JavaScript, Python, Data Analysis, React, Machine Learning"
"Construct an enterprise-grade software solution for the retail operations market focused on reduce operational costs. Employing DevOps implementation strategy, the implementation features AI-assisted functionality, manages documentation standards, and targets key performance indicators such as improved team productivity.","Machine Learning, CI/CD, Python"
"Develop an innovative automation system targeting pharmaceutical clients with the primary goal to facilitate global expansion. Built on responsive design system principles, the solution incorporates real-time analytics dashboard and navigates change management to deliver measurable outcomes including improved scalability.","Data Analysis, JavaScript, React, Python"
"Build a scalable enterprise system platform serving insurance organizations to facilitate global expansion. Utilizing component-based architecture methodology, this project introduces voice-enabled interactions while overcoming change management and demonstrating success through faster time-to-market.","AWS, JavaScript, React, Docker"
"Construct an intelligent API framework ecosystem serving non-profit needs to modernize legacy infrastructure. Through component-based architecture implementation, the platform offers seamless third-party integrations, resolves aggressive timeline constraints, and enhances operational efficiency via increased system reliability.","AWS, JavaScript, Python, Docker, React, REST API"
"Design a cutting-edge progressive web app solution in the financial services domain aimed at facilitate global expansion. Based on cloud-native development framework, this endeavor delivers edge computing capabilities, mitigates legacy system integration, and drives business value through increased processing speed.","AWS, JavaScript, Python, Docker, React, Machine Learning"
"Pioneer a scalable AI-powered tool platform serving energy sector organizations to enhance scalability capabilities. Utilizing component-based architecture methodology, this project introduces computer vision integration while overcoming budget allocation limitations and demonstrating success through increased processing speed.","AWS, JavaScript, Python, Docker, React, Machine Learning"
"Build a robust security framework infrastructure for government applications to optimize resource allocation. Following machine learning pipelines best practices, the system includes scalable infrastructure, addresses technical debt resolution, and optimizes for outcomes like increased automation rate.","AWS, JavaScript, Python, Docker, React, Machine Learning"
"Initiate an enterprise-grade progressive web app for the financial services market focused on increase market competitiveness. Employing infrastructure as code strategy, the implementation features voice-enabled interactions, manages technology stack modernization, and targets key performance indicators such as better user engagement.","AWS, JavaScript, React, Docker"
"Construct a comprehensive integration hub for the government sector designed to strengthen compliance protocols. Leveraging component-based architecture, this initiative will deliver seamless third-party integrations while addressing scalability challenges, ultimately achieving better user engagement.",
"Engineer a robust progressive web app infrastructure for insurance applications to automate manual processes. Following test-driven development best practices, the system includes predictive analytics capabilities, addresses quality assurance processes, and optimizes for outcomes like better user engagement.","AWS, JavaScript, Python, Docker, Data Analysis, React"
"Pioneer an innovative microservices architecture targeting e-commerce clients with the primary goal to enhance scalability capabilities. Built on test-driven development principles, the solution incorporates distributed ledger technology and navigates change management to deliver measurable outcomes including better user engagement.","JavaScript, React, Microservices"
"Initiate an intelligent blockchain network ecosystem serving gaming needs to increase market competitiveness. Through infrastructure as code implementation, the platform offers predictive analytics capabilities, resolves budget allocation limitations, and enhances operational efficiency via enhanced compliance status.","AWS, JavaScript, Python, Docker, Data Analysis, React"
"Establish a scalable API framework platform serving non-profit organizations to optimize supply chain. Utilizing test-driven development methodology, this project introduces intuitive user experience while overcoming technology stack modernization and demonstrating success through increased system reliability.","AWS, JavaScript, Python, Docker, React, REST API"
"Pioneer a robust API framework infrastructure for education technology applications to improve user experience. Following component-based architecture best practices, the system includes mobile-optimized design, addresses documentation standards, and optimizes for outcomes like better decision support.","AWS, JavaScript, Docker, React, REST API"
"Construct a cutting-edge progressive web app solution in the financial services domain aimed at optimize resource allocation. Based on agile development practices framework, this endeavor delivers mobile-optimized design, mitigates team skill development, and drives business value through better decision support.","JavaScript, Python, React, Agile, Machine Learning"
"Pioneer a scalable integration hub platform serving manufacturing organizations to enhance scalability capabilities. Utilizing responsive design system methodology, this project introduces voice-enabled interactions while overcoming user adoption strategies and demonstrating success through increased processing speed.","AWS, JavaScript, React, Docker"
"Create a comprehensive monitoring solution for the non-profit sector designed to modernize legacy infrastructure. Leveraging API-first methodology, this initiative will deliver responsive user interface while addressing scalability challenges, ultimately achieving improved security posture.","AWS, REST API, Docker"
"Engineer a cutting-edge machine learning model solution in the agricultural technology domain aimed at expand service offerings. Based on DevOps implementation framework, this endeavor delivers comprehensive reporting suite, mitigates disaster recovery planning, and drives business value through better user engagement.","JavaScript, Python, Data Analysis, React, CI/CD, Machine Learning"
"Construct an innovative data analytics targeting real estate clients with the primary goal to increase market competitiveness. Built on functional programming paradigm principles, the solution incorporates federated learning system and navigates legacy system integration to deliver measurable outcomes including higher system availability.","JavaScript, Python, Data Analysis, React, Machine Learning"
"Construct an enterprise-grade real-time dashboard for the education technology market focused on expand service offerings. Employing progressive enhancement strategy, the implementation features federated learning system, manages aggressive timeline constraints, and targets key performance indicators such as higher system availability.","JavaScript, React, Python, Machine Learning"
"Institute a scalable AI-powered tool platform serving education technology organizations to accelerate decision-making processes. Utilizing containerization strategy methodology, this project introduces augmented reality features while overcoming technology stack modernization and demonstrating success through better decision support.","AWS, JavaScript, Python, Docker, React, Machine Learning"
"Pioneer an intelligent real-time dashboard ecosystem serving government needs to boost productivity metrics. Through test-driven development implementation, the platform offers real-time analytics dashboard, resolves team skill development, and enhances operational efficiency via enhanced data insights.","JavaScript, Python, Data Analysis, React, Machine Learning"
"Construct a cutting-edge data analytics solution in the real estate domain aimed at increase market competitiveness. Based on agile development practices framework, this endeavor delivers AI-assisted functionality, mitigates integration complexity, and drives business value through reduced maintenance overhead.","Data Analysis, Machine Learning, Python, Agile"
"Construct an intelligent enterprise system ecosystem serving automotive industry needs to streamline operational workflows. Through zero-trust security model implementation, the platform offers quantum-resistant cryptography, resolves integration complexity, and enhances operational efficiency via improved scalability.","JavaScript, React, Python, Machine Learning"
"Engineer a scalable API framework platform serving education technology organizations to modernize legacy infrastructure. Utilizing infrastructure as code methodology, this project introduces mobile-optimized design while overcoming team skill development and demonstrating success through higher system availability.","AWS, JavaScript, Python, Docker, React, REST API"
"Construct a comprehensive API framework for the healthcare sector designed to expand service offerings. Leveraging containerization strategy, this initiative will deliver scalable infrastructure while addressing performance optimization, ultimately achieving better user engagement.","AWS, Python, Docker, REST API, Machine Learning"
"Design an innovative real-time dashboard targeting insurance clients with the primary goal to reduce operational costs. Built on DevOps implementation principles, the solution incorporates augmented reality features and navigates security vulnerability mitigation to deliver measurable outcomes including higher system availability.","JavaScript, Python, React, CI/CD, Machine Learning"
"Formulate an innovative data analytics targeting education technology clients with the primary goal to streamline operational workflows. Built on agile development practices principles, the solution incorporates federated learning system and navigates performance optimization to deliver measurable outcomes including reduced operational costs.","JavaScript, Python, Data Analysis, React, Agile"
"Launch a cutting-edge mobile application solution in the non-profit domain aimed at reduce operational costs. Based on DevOps implementation framework, this endeavor delivers real-time analytics dashboard, mitigates user adoption strategies, and drives business value through higher system availability.","JavaScript, Python, Data Analysis, React, CI/CD, Machine Learning"
"Design a robust data analytics infrastructure for healthcare applications to enhance scalability capabilities. Following API-first methodology best practices, the system includes advanced security protocols, addresses technical debt resolution, and optimizes for outcomes like better user engagement.","AWS, JavaScript, Python, Data Analysis, React, REST API"
"Create a comprehensive blockchain network for the telecommunications sector designed to strengthen data governance. Leveraging cloud-native development, this initiative will deliver seamless third-party integrations while addressing data privacy concerns, ultimately achieving better data accuracy.","AWS, Python, Docker, Data Analysis, Machine Learning"
"Introduce a scalable API framework platform serving cybersecurity organizations to improve product quality. Utilizing zero-trust security model methodology, this project introduces mobile-optimized design while overcoming change management and demonstrating success through increased automation rate.","AWS, JavaScript, Docker, React, REST API"
"Roll out a robust machine learning model infrastructure for manufacturing applications to strengthen data governance. Following responsive design system best practices, the system includes voice-enabled interactions, addresses data privacy concerns, and optimizes for outcomes like better resource utilization.","AWS, JavaScript, Python, Data Analysis, React, Machine Learning"
"Design a comprehensive automation system for the gaming sector designed to improve data security measures. Leveraging domain-driven design principles, this initiative will deliver voice-enabled interactions while addressing technical debt resolution, ultimately achieving better data accuracy.","Data Analysis, Machine Learning, Python"
"Institute a scalable API framework platform serving energy sector organizations to automate manual processes. Utilizing API-first methodology methodology, this project introduces augmented reality features while overcoming regulatory compliance requirements and demonstrating success through faster time-to-market.","AWS, JavaScript, Docker, React, REST API"
"Institute a next-generation progressive web app framework for the agricultural technology industry to optimize resource allocation. Using data mesh architecture techniques, the architecture provides predictive analytics capabilities, handles integration complexity, and improves business metrics including enhanced data insights.","JavaScript, Python, Data Analysis, React, Machine Learning"
"Deploy a comprehensive compliance tool for the telecommunications sector designed to streamline operational workflows. Leveraging event-driven design patterns, this initiative will deliver advanced security protocols while addressing quality assurance processes, ultimately achieving increased customer retention.",
"Construct a robust microservices architecture infrastructure for cybersecurity applications to automate manual processes. Following infrastructure as code best practices, the system includes federated learning system, addresses user adoption strategies, and optimizes for outcomes like better resource utilization.","AWS, JavaScript, Microservices, Docker, React"
"Formulate an intelligent compliance tool ecosystem serving healthcare needs to optimize supply chain. Through machine learning pipelines implementation, the platform offers edge computing capabilities, resolves performance optimization, and enhances operational efficiency via better data accuracy.","JavaScript, Python, Data Analysis, React, Machine Learning"
"Build a cutting-edge integration hub solution in the real estate domain aimed at modernize legacy infrastructure. Based on zero-trust security model framework, this endeavor delivers comprehensive reporting suite, mitigates regulatory compliance requirements, and drives business value through enhanced user satisfaction.","AWS, JavaScript, Python, Docker, Data Analysis, React"
"Design a scalable real-time dashboard platform serving non-profit organizations to improve product quality. Utilizing continuous delivery pipeline methodology, this project introduces intuitive user experience while overcoming legacy system integration and demonstrating success through reduced operational costs.","AWS, JavaScript, React, Docker"
"Launch a next-generation security framework framework for the manufacturing industry to optimize resource allocation. Using progressive enhancement techniques, the architecture provides AI-assisted functionality, handles disaster recovery planning, and improves business metrics including improved scalability.","Machine Learning, Python"
"Introduce a comprehensive mobile application for the gaming sector designed to drive innovation initiatives. Leveraging continuous delivery pipeline, this initiative will deliver federated learning system while addressing technical debt resolution, ultimately achieving faster time-to-market.","JavaScript, React"
"Construct an enterprise-grade software solution for the gaming market focused on strengthen compliance protocols. Employing continuous delivery pipeline strategy, the implementation features responsive user interface, manages cross-team coordination, and targets key performance indicators such as reduced error rates.",
"Construct a cutting-edge compliance tool solution in the travel hospitality domain aimed at enable real-time insights. Based on zero-trust security model framework, this endeavor delivers augmented reality features, mitigates documentation standards, and drives business value through enhanced compliance status.","Machine Learning, Python"
"Formulate a robust progressive web app infrastructure for agricultural technology applications to improve data security measures. Following responsive design system best practices, the system includes computer vision integration, addresses legacy system integration, and optimizes for outcomes like enhanced compliance status.","AWS, JavaScript, Python, Docker, Data Analysis, React"
"Construct a scalable real-time dashboard platform serving education technology organizations to strengthen compliance protocols. Utilizing DevOps implementation methodology, this project introduces federated learning system while overcoming aggressive timeline constraints and demonstrating success through enhanced compliance status.","AWS, JavaScript, Python, Docker, React, CI/CD"
"Build a comprehensive digital platform for the logistics sector designed to optimize supply chain. Leveraging responsive design system, this initiative will deliver computer vision integration while addressing performance optimization, ultimately achieving better data accuracy.","JavaScript, Python, Data Analysis, React, Machine Learning"
"Roll out a comprehensive reporting system for the e-commerce sector designed to enhance customer engagement. Leveraging serverless computing framework, this initiative will deliver predictive analytics capabilities while addressing user adoption strategies, ultimately achieving increased processing speed.","Data Analysis, Machine Learning, Python"
"Construct an innovative security framework targeting manufacturing clients with the primary goal to modernize legacy infrastructure. Built on machine learning pipelines principles, the solution incorporates predictive analytics capabilities and navigates disaster recovery planning to deliver measurable outcomes including enhanced data insights.","AWS, JavaScript, Python, Data Analysis, React, Machine Learning"
"Launch an intelligent compliance tool ecosystem serving manufacturing needs to enhance scalability capabilities. Through data mesh architecture implementation, the platform offers comprehensive reporting suite, resolves security vulnerability mitigation, and enhances operational efficiency via enhanced user satisfaction.","JavaScript, Python, Data Analysis, React, Machine Learning"
"Deploy a next-generation progressive web app framework for the agricultural technology industry to expand service offerings. Using domain-driven design principles techniques, the architecture provides AI-assisted functionality, handles budget allocation limitations, and improves business metrics including faster time-to-market.","JavaScript, React, Python, Machine Learning"
"Design a robust cloud infrastructure infrastructure for automotive industry applications to improve data security measures. Following API-first methodology best practices, the system includes seamless third-party integrations, addresses security vulnerability mitigation, and optimizes for outcomes like enhanced compliance status.","AWS, JavaScript, Python, Data Analysis, React, REST API"
"Establish an innovative security framework targeting healthcare clients with the primary goal to facilitate global expansion. Built on serverless computing framework principles, the solution incorporates voice-enabled interactions and navigates budget allocation limitations to deliver measurable outcomes including improved scalability.","JavaScript, React"
"Construct a scalable microservices architecture platform serving automotive industry organizations to improve data security measures. Utilizing test-driven development methodology, this project introduces augmented reality features while overcoming user adoption strategies and demonstrating success through increased system reliability.","AWS, JavaScript, Python, Microservices, Data Analysis, React"
"Initiate a cutting-edge mobile application solution in the healthcare domain aimed at improve data security measures. Based on DevOps implementation framework, this endeavor delivers edge computing capabilities, mitigates disaster recovery planning, and drives business value through improved team productivity.","JavaScript, Python, Data Analysis, React, CI/CD, Machine Learning"
"Initiate an enterprise-grade integration hub for the travel hospitality market focused on boost productivity metrics. Employing microservices architecture strategy, the implementation features responsive user interface, manages team skill development, and targets key performance indicators such as enhanced data insights.","Data Analysis, Python, Microservices"
"Formulate a comprehensive software solution for the automotive industry sector designed to improve product quality. Leveraging functional programming paradigm, this initiative will deliver predictive analytics capabilities while addressing quality assurance processes, ultimately achieving better decision support.","Data Analysis, Machine Learning, Python"
"Institute a cutting-edge integration hub solution in the gaming domain aimed at expand service offerings. Based on test-driven development framework, this endeavor delivers quantum-resistant cryptography, mitigates technical debt resolution, and drives business value through better decision support.","Machine Learning, Python"
"Develop a comprehensive compliance tool for the education technology sector designed to enhance customer engagement. Leveraging DevOps implementation, this initiative will deliver natural language processing while addressing technical debt resolution, ultimately achieving reduced maintenance overhead.","Machine Learning, CI/CD, Python"
"Introduce a cutting-edge machine learning model solution in the cybersecurity domain aimed at enhance customer engagement. Based on component-based architecture framework, this endeavor delivers quantum-resistant cryptography, mitigates budget allocation limitations, and drives business value through reduced error rates.","Machine Learning, Python"
"Construct a comprehensive AI-powered tool for the financial services sector designed to enable real-time insights. Leveraging containerization strategy, this initiative will deliver AI-assisted functionality while addressing technical debt resolution, ultimately achieving improved team productivity.","Machine Learning, Python"
"Launch an innovative real-time dashboard targeting energy sector clients with the primary goal to reduce operational costs. Built on infrastructure as code principles, the solution incorporates responsive user interface and navigates security vulnerability mitigation to deliver measurable outcomes including better resource utilization.","AWS, JavaScript, React, Docker"
"Engineer a next-generation data analytics framework for the manufacturing industry to automate manual processes. Using test-driven development techniques, the architecture provides responsive user interface, handles change management, and improves business metrics including reduced error rates.","Data Analysis, Python"
"Roll out an innovative data analytics targeting real estate clients with the primary goal to increase market competitiveness. Built on functional programming paradigm principles, the solution incorporates mobile-optimized design and navigates legacy system integration to deliver measurable outcomes including better user engagement.","Data Analysis, JavaScript, React, Python"
"Pioneer an intelligent API framework ecosystem serving financial services needs to boost productivity metrics. Through zero-trust security model implementation, the platform offers augmented reality features, resolves data migration complexities, and enhances operational efficiency via enhanced data insights.","JavaScript, Python, Data Analysis, React, REST API, Machine Learning"
"Construct a next-generation automation system framework for the real estate industry to boost productivity metrics. Using infrastructure as code techniques, the architecture provides intuitive user experience, handles regulatory compliance requirements, and improves business metrics including enhanced user satisfaction.","AWS, JavaScript, React, Docker"
"Formulate an innovative digital platform targeting media entertainment clients with the primary goal to automate manual processes. Built on containerization strategy principles, the solution incorporates advanced security protocols and navigates data migration complexities to deliver measurable outcomes including better user engagement.","JavaScript, Python, Data Analysis, React, Machine Learning"
"Implement an innovative microservices architecture targeting education technology clients with the primary goal to strengthen compliance protocols. Built on functional programming paradigm principles, the solution incorporates augmented reality features and navigates security vulnerability mitigation to deliver measurable outcomes including enhanced user satisfaction.","JavaScript, React, Microservices"
"Engineer a cutting-edge microservices architecture solution in the agricultural technology domain aimed at optimize resource allocation. Based on reactive programming framework, this endeavor delivers blockchain verification, mitigates performance optimization, and drives business value through improved team productivity.","Python, Microservices, Machine Learning"
"Launch an innovative enterprise system targeting logistics clients with the primary goal to drive innovation initiatives. Built on data mesh architecture principles, the solution incorporates federated learning system and navigates data migration complexities to deliver measurable outcomes including improved scalability.","Data Analysis, JavaScript, React, Python"
"Establish an innovative reporting system targeting e-commerce clients with the primary goal to expand service offerings. Built on cloud-native development principles, the solution incorporates mobile-optimized design and navigates security vulnerability mitigation to deliver measurable outcomes including reduced error rates.","AWS, JavaScript, Python, Docker, Data Analysis, React"
"Create a comprehensive progressive web app for the healthcare sector designed to strengthen compliance protocols. Leveraging responsive design system, this initiative will deliver seamless third-party integrations while addressing user adoption strategies, ultimately achieving increased customer retention.","JavaScript, React"
"Implement an enterprise-grade security framework for the travel hospitality market focused on improve user experience. Employing functional programming paradigm strategy, the implementation features responsive user interface, manages vendor management, and targets key performance indicators such as higher system availability.","Machine Learning, Python"
"Establish a cutting-edge mobile application solution in the telecommunications domain aimed at drive innovation initiatives. Based on DevOps implementation framework, this endeavor delivers augmented reality features, mitigates legacy system integration, and drives business value through enhanced data insights.","JavaScript, Python, Data Analysis, React, CI/CD, Machine Learning"
"Formulate a scalable AI-powered tool platform serving cybersecurity organizations to improve user experience. Utilizing agile development practices methodology, this project introduces edge computing capabilities while overcoming security vulnerability mitigation and demonstrating success through improved scalability.","AWS, JavaScript, Python, Docker, React, Agile"
"Create an enterprise-grade real-time dashboard for the insurance market focused on strengthen data governance. Employing component-based architecture strategy, the implementation features real-time analytics dashboard, manages data migration complexities, and targets key performance indicators such as reduced maintenance overhead.","JavaScript, Python, Data Analysis, React, Machine Learning"
"Design an enterprise-grade software solution for the education technology market focused on expand service offerings. Employing cloud-native development strategy, the implementation features seamless third-party integrations, manages data privacy concerns, and targets key performance indicators such as better data accuracy.","Data Analysis, AWS, Python, Docker"
"Develop an innovative real-time dashboard targeting manufacturing clients with the primary goal to boost productivity metrics. Built on agile development practices principles, the solution incorporates natural language processing and navigates cross-team coordination to deliver measurable outcomes including better data accuracy.","JavaScript, Python, Data Analysis, React, Agile"
"Establish a next-generation mobile application framework for the energy sector industry to improve user experience. Using infrastructure as code techniques, the architecture provides intuitive user experience, handles technical debt resolution, and improves business metrics including improved team productivity.","AWS, JavaScript, React, Docker"
"Institute an intelligent data analytics ecosystem serving healthcare needs to enhance customer engagement. Through progressive enhancement implementation, the platform offers edge computing capabilities, resolves security vulnerability mitigation, and enhances operational efficiency via improved security posture.","JavaScript, Python, Data Analysis, React, Machine Learning"
"Formulate a cutting-edge digital platform solution in the pharmaceutical domain aimed at drive innovation initiatives. Based on containerization strategy framework, this endeavor delivers quantum-resistant cryptography, mitigates technology stack modernization, and drives business value through improved scalability.","JavaScript, React, Python, Machine Learning"
"Engineer a next-generation data analytics framework for the pharmaceutical industry to expand service offerings. Using progressive enhancement techniques, the architecture provides advanced security protocols, handles legacy system integration, and improves business metrics including faster time-to-market.","Data Analysis, Python"
"Roll out a comprehensive compliance tool for the insurance sector designed to accelerate decision-making processes. Leveraging continuous delivery pipeline, this initiative will deliver edge computing capabilities while addressing security vulnerability mitigation, ultimately achieving reduced maintenance overhead.","Machine Learning, Python"
"Construct a scalable integration hub platform serving gaming organizations to drive innovation initiatives. Utilizing serverless computing framework methodology, this project introduces computer vision integration while overcoming change management and demonstrating success through improved system performance.","AWS, JavaScript, React, Docker"
"Pioneer an enterprise-grade AI-powered tool for the telecommunications market focused on accelerate decision-making processes. Employing domain-driven design principles strategy, the implementation features augmented reality features, manages vendor management, and targets key performance indicators such as increased customer retention.","Machine Learning, Python"
"Pioneer a next-generation integration hub framework for the energy sector industry to expand service offerings. Using test-driven development techniques, the architecture provides automated workflow engine, handles user adoption strategies, and improves business metrics including improved scalability.",
"Construct a comprehensive digital platform for the e-commerce sector designed to accelerate decision-making processes. Leveraging machine learning pipelines, this initiative will deliver advanced security protocols while addressing technical debt resolution, ultimately achieving increased automation rate.","React, Machine Learning, JavaScript, Python"
"Design a comprehensive blockchain network for the energy sector sector designed to increase market competitiveness. Leveraging infrastructure as code, this initiative will deliver responsive user interface while addressing regulatory compliance requirements, ultimately achieving increased customer retention.","AWS, JavaScript, Python, Docker, React, Machine Learning"
"Build an enterprise-grade microservices architecture for the education technology market focused on strengthen data governance. Employing event-driven design patterns strategy, the implementation features seamless third-party integrations, manages vendor management, and targets key performance indicators such as better user engagement.","JavaScript, Python, Microservices, Data Analysis, React"
"Establish a cutting-edge real-time dashboard solution in the media entertainment domain aimed at accelerate decision-making processes. Based on containerization strategy framework, this endeavor delivers edge computing capabilities, mitigates documentation standards, and drives business value through faster time-to-market.","JavaScript, React, Python, Machine Learning"
"Create a comprehensive reporting system for the financial services sector designed to modernize legacy infrastructure. Leveraging agile development practices, this initiative will deliver scalable infrastructure while addressing aggressive timeline constraints, ultimately achieving faster time-to-market.","AWS, Python, Docker, Data Analysis, Agile, Machine Learning"
"Institute an enterprise-grade software solution for the automotive industry market focused on expand service offerings. Employing data mesh architecture strategy, the implementation features advanced security protocols, manages regulatory compliance requirements, and targets key performance indicators such as increased processing speed.","Data Analysis, JavaScript, React, Python"
"Pioneer an intelligent progressive web app ecosystem serving financial services needs to reduce operational costs. Through infrastructure as code implementation, the platform offers automated workflow engine, resolves quality assurance processes, and enhances operational efficiency via higher system availability.","AWS, JavaScript, Python, Docker, React, Machine Learning"
"Create a robust real-time dashboard infrastructure for education technology applications to reduce operational costs. Following continuous delivery pipeline best practices, the system includes edge computing capabilities, addresses quality assurance processes, and optimizes for outcomes like enhanced data insights.","AWS, JavaScript, Python, Docker, Data Analysis, React"
"Launch a comprehensive integration hub for the automotive industry sector designed to modernize legacy infrastructure. Leveraging test-driven development, this initiative will deliver mobile-optimized design while addressing disaster recovery planning, ultimately achieving improved security posture.","AWS, JavaScript, React, Docker"
"Create an intelligent mobile application ecosystem serving healthcare needs to expand service offerings. Through functional programming paradigm implementation, the platform offers responsive user interface, resolves quality assurance processes, and enhances operational efficiency via improved team productivity.","JavaScript, React, Python, Machine Learning"
"Design an innovative blockchain network targeting healthcare clients with the primary goal to drive innovation initiatives. Built on data mesh architecture principles, the solution incorporates distributed ledger technology and navigates performance optimization to deliver measurable outcomes including faster time-to-market.","JavaScript, Python, Data Analysis, React, Machine Learning"
"Construct an enterprise-grade mobile application for the telecommunications market focused on enhance customer engagement. Employing responsive design system strategy, the implementation features computer vision integration, manages budget allocation limitations, and targets key performance indicators such as better data accuracy.","Data Analysis, JavaScript, React, Python"
"Formulate a comprehensive monitoring solution for the e-commerce sector designed to boost productivity metrics. Leveraging progressive enhancement, this initiative will deliver scalable infrastructure while addressing vendor management, ultimately achieving enhanced compliance status.","AWS, Docker"
"Initiate a next-generation data analytics framework for the gaming industry to optimize resource allocation. Using containerization strategy techniques, the architecture provides intuitive user experience, handles team skill development, and improves business metrics including increased processing speed.","JavaScript, Python, Data Analysis, React, Machine Learning"
"Roll out a scalable microservices architecture platform serving real estate organizations to accelerate decision-making processes. Utilizing reactive programming methodology, this project introduces predictive analytics capabilities while overcoming security vulnerability mitigation and demonstrating success through increased customer retention.","AWS, JavaScript, Python, Microservices, Data Analysis, React"
"Pioneer a comprehensive compliance tool for the e-commerce sector designed to improve data security measures. Leveraging serverless computing framework, this initiative will deliver predictive analytics capabilities while addressing change management, ultimately achieving better user engagement.","Data Analysis, Machine Learning, Python"
"Develop a robust software solution infrastructure for cybersecurity applications to enhance customer engagement. Following microservices architecture best practices, the system includes mobile-optimized design, addresses technical debt resolution, and optimizes for outcomes like reduced maintenance overhead.","AWS, JavaScript, Microservices, Docker, Python, React"
"Construct an enterprise-grade progressive web app for the gaming market focused on accelerate decision-making processes. Employing DevOps implementation strategy, the implementation features augmented reality features, manages cross-team coordination, and targets key performance indicators such as increased customer retention.","React, JavaScript, CI/CD"
"Construct an enterprise-grade software solution for the non-profit market focused on enhance customer engagement. Employing component-based architecture strategy, the implementation features automated workflow engine, manages scalability challenges, and targets key performance indicators such as improved security posture.",
"Introduce an intelligent data analytics ecosystem serving logistics needs to optimize resource allocation. Through cloud-native development implementation, the platform offers mobile-optimized design, resolves regulatory compliance requirements, and enhances operational efficiency via increased processing speed.","AWS, JavaScript, Python, Docker, Data Analysis, React"
"Engineer an intelligent data analytics ecosystem serving non-profit needs to enhance scalability capabilities. Through component-based architecture implementation, the platform offers comprehensive reporting suite, resolves change management, and enhances operational efficiency via improved security posture.","JavaScript, Python, Data Analysis, React, Machine Learning"
"Construct a cutting-edge mobile application solution in the e-commerce domain aimed at improve data security measures. Based on zero-trust security model framework, this endeavor delivers federated learning system, mitigates security vulnerability mitigation, and drives business value through higher system availability.","JavaScript, Python, Data Analysis, React, Machine Learning"
"Roll out a next-generation compliance tool framework for the agricultural technology industry to increase market competitiveness. Using event-driven design patterns techniques, the architecture provides predictive analytics capabilities, handles vendor management, and improves business metrics including reduced operational costs.","Data Analysis, Machine Learning, Python"
"Roll out a scalable machine learning model platform serving healthcare organizations to reduce operational costs. Utilizing zero-trust security model methodology, this project introduces comprehensive reporting suite while overcoming integration complexity and demonstrating success through enhanced compliance status.","AWS, JavaScript, Python, Data Analysis, React, Machine Learning"
